date,MKT_RF,SMB,HML
2000-01-31,-0.047358193719,,
2000-02-29,0.024466550567,,
2000-03-31,0.0522585397368,,
2000-04-30,-0.0640564595379,,
2000-05-31,-0.0441624443696,,
2000-06-30,0.0469282784584,,
2000-07-31,-0.0251498575376,,
2000-08-31,0.0704159682177,,
2000-09-30,-0.0544927164465,,
2000-10-31,-0.0275523768765,,
2000-11-30,-0.107206281396,,
2000-12-31,0.011920779468,,
2001-01-31,0.0312550519997,,
2001-02-28,-0.10058635422,,
2001-03-31,-0.0726530362728,,
2001-04-30,0.0794900472322,,
2001-05-31,0.00720542492951,,
2001-06-30,-0.0193886764663,,
2001-07-31,-0.0213076164872,,
2001-08-31,-0.0646429127595,,
2001-09-30,-0.092508098132,,
2001-10-31,0.0246165656378,,
2001-11-30,0.0754536147187,,
2001-12-31,0.0160280313027,,
2002-01-31,-0.0144283814547,,
2002-02-28,-0.0229036545302,,
2002-03-31,0.0424518047146,,
2002-04-30,-0.0520383377937,,
2002-05-31,-0.0137762905372,,
2002-06-30,-0.0721897281467,,
2002-07-31,-0.0818278209466,-0.0510217189664,-0.0363921435478
2002-08-31,0.00500400639284,-0.0284848858795,0.0308048240423
2002-09-30,-0.103517639025,0.0235094664412,0.0130493803095
2002-10-31,0.0784076252403,-0.0338907617686,-0.0401349087425
2002-11-30,0.0596146459862,0.0320608624387,-0.0098286361854
2002-12-31,-0.0575582493786,-0.000185125640511,0.0207593263162
2003-01-31,-0.0257629169875,0.0129895874137,-0.00735846010083
2003-02-28,-0.0188647329602,-0.0046890448979,-0.0119740878247
2003-03-31,0.0109302313192,0.0113191077382,-0.020556431032
2003-04-30,0.0822768663974,0.00807783103794,0.0127737017827
2003-05-31,0.0605150491042,0.045529092549,0.00779530690442
2003-06-30,0.0141910952845,0.0169059022374,0.00233023996195
2003-07-31,0.0233963399137,0.0520058726284,-0.0107586631365
2003-08-31,0.0233770537465,0.026391483739,0.0157209871865
2003-09-30,-0.0123327604542,0.00829761872224,0.000224090837354
2003-10-31,0.0608056832695,0.0274518783174,0.0211887366076
2003-11-30,0.0135179861062,0.0209976796433,0.0191247606123
2003-12-31,0.0429501390781,-0.0276372132446,0.014445753599
2004-01-31,0.0215263589297,0.0255665468722,0.0244047876487
2004-02-29,0.0140277640558,-0.0151141938719,0.00987415105272
2004-03-31,-0.0132159933024,0.0176459257575,0.00188275634254
2004-04-30,-0.0183593024115,-0.0180696034538,-0.0312627742707
2004-05-31,0.0117796699322,-0.00185258096908,-0.00159338853528
2004-06-30,0.0185804004118,0.0223581484699,0.0120307559756
2004-07-31,-0.040670496562,-0.0371206136593,0.032992975006
2004-08-31,0.000786019679367,-0.0144637561253,0.0107827761951
2004-09-30,0.0160660166071,0.0310896390375,7.54825649188e-05
2004-10-31,0.0143026710991,0.00166762289121,-0.00443094313022
2004-11-30,0.0454340768319,0.0370041149817,0.0158028016754
2004-12-31,0.0343327985712,-0.000747152873098,-0.0011289962663
2005-01-31,-0.0275334790374,-0.0176985051361,0.0227406070181
2005-02-28,0.01892855249,-0.00430909136142,0.0158187150947
2005-03-31,-0.0196482152218,-0.0145873884166,0.0198857640246
2005-04-30,-0.0261311038951,-0.0397009622171,-0.000987507944764
2005-05-31,0.0365267174089,0.0286969135015,-0.00511081175248
2005-06-30,0.00564104799204,0.0242642007071,0.0300781607588
2005-07-31,0.039185298351,0.0276950364021,-0.00792971683122
2005-08-31,-0.0121656222807,-0.0095671549648,0.0120979503682
2005-09-30,0.00481049049008,-0.00686326016639,0.00818597686527
2005-10-31,-0.0201175201577,-0.0134866914088,0.00226180416135
2005-11-30,0.0362026078177,0.00978085747632,-0.013037393242
2005-12-31,-0.00249973828602,-0.00438974277001,0.00176485295757
2006-01-31,0.0304228314218,0.0548370682988,0.0109484223507
2006-02-28,-0.00300887444812,-0.00389919688585,-0.00525564409234
2006-03-31,0.014653542636,0.0337125888359,0.00541291006961
2006-04-30,0.007261689463,-0.014227720847,0.0245229404495
2006-05-31,-0.0357694901401,-0.030247029995,0.0234149042435
2006-06-30,-0.00348862273849,-0.00474303033453,0.00737347934204
2006-07-31,-0.00776617115912,-0.0407615451565,0.0263731585317
2006-08-31,0.020339130895,0.00929398562329,-0.0188460900182
2006-09-30,0.018447991251,-0.0121813510346,0.000535778948116
2006-10-31,0.0322818065093,0.0178161817584,-0.00237178175804
2006-11-30,0.0171311011562,0.00750459601412,-0.000291140442816
2006-12-31,0.00859413065233,-0.0123880775999,0.0272878337819
2007-01-31,0.014098363638,0.00147176220776,-0.0072630120702
2007-02-28,-0.0196066931513,0.0124536260987,-0.000469328801828
2007-03-31,0.00679903873689,0.000993228014805,-0.00874044088991
2007-04-30,0.0348801743751,-0.021951361684,-0.0142954367756
2007-05-31,0.0324354571432,0.00259467038212,-0.00551792789931
2007-06-30,-0.0196152626932,0.00671459786838,-0.00982833608623
2007-07-31,-0.0374117666481,-0.026153427979,-0.0361451719439
2007-08-31,0.00920863253197,-0.000908225805131,-0.0198863871799
2007-09-30,0.0323102525519,-0.0226921257231,-0.0227315637531
2007-10-31,0.0180481240406,0.00221645000525,-0.0282739816726
2007-11-30,-0.0482472845362,-0.0278179727615,-0.0115140207501
2007-12-31,-0.00866818743657,-0.000221995033821,-0.00311665113469
2008-01-31,-0.0634925771436,-0.0101242939997,0.0412453220054
2008-02-29,-0.0308951226654,-0.00465371744817,-0.00671360855018
2008-03-31,-0.00931411904895,0.00793141044015,0.00100166586963
2008-04-30,0.0460006024403,-0.0171542152964,-0.00709354364387
2008-05-31,0.0185163654931,0.0289128796853,-0.0145960550901
2008-06-30,-0.0845036863084,0.0103036841141,-0.0256426228012
2008-07-31,-0.00766045277761,0.0264392088559,0.0523385457171
2008-08-31,0.0152417013869,0.0341894049661,0.0148324951707
2008-09-30,-0.0924028747366,-0.0117067408634,0.0596208692065
2008-10-31,-0.172291929155,-0.0250473261866,-0.0211676878236
2008-11-30,-0.0786001393967,-0.0285866481719,-0.0597861783769
2008-12-31,0.0177634745971,0.0363303962463,-0.000677507990135
2009-01-31,-0.0812654288314,0.00315585034481,-0.112554992499
2009-02-28,-0.101297343027,0.00206233339971,-0.0653832165321
2009-03-31,0.0898351577671,-0.00197678695984,0.0351540682173
2009-04-30,0.101925774033,0.0502079614805,0.0515695834818
2009-05-31,0.0521137728396,-0.0259057575891,0.00395047852042
2009-06-30,0.00426028573209,0.0252742751237,-0.0277570660095
2009-07-31,0.077341321413,0.0195059881536,0.0479043840583
2009-08-31,0.0333157046985,-0.0114930461868,0.0759109361154
2009-09-30,0.0408032035557,0.0239874816883,0.011123918321
2009-10-31,-0.0258811518666,-0.0408550462686,-0.042383964986
2009-11-30,0.055666902045,-0.0244180331459,-0.00338665202468
2009-12-31,0.0274634828324,0.0608434075283,-0.00231830326113
2010-01-31,-0.0335590659571,0.00450107840242,0.002539203304
2010-02-28,0.0340525596959,0.0113235966962,0.0302343558542
2010-03-31,0.0631331914679,0.0148257950338,0.0228626820369
2010-04-30,0.019966640217,0.0481797786381,0.0290218896684
2010-05-31,-0.0790136349606,0.000867190122035,-0.0238298533161
2010-06-30,-0.0556686463436,-0.019090004631,-0.0463131015
2010-07-31,0.0693364975891,-0.00137001648438,0.00232101897496
2010-08-31,-0.0477549579008,-0.0254748548419,-0.0246161084847
2010-09-30,0.0955031346194,0.0385559950719,-0.0320063975832
2010-10-31,0.0388058309606,0.00899225104118,-0.0220057163829
2010-11-30,0.00596993499223,0.0388034553932,-0.0110426161462
2010-12-31,0.0682515564351,0.00210501098312,0.0418712300018
2011-01-31,0.0198455960507,-0.0221357756903,0.00623377804623
2011-02-28,0.0349075322832,0.0173391964363,0.00942859692504
2011-03-31,0.00455000427903,0.0247360914262,-0.0160189331399
2011-04-30,0.0290901079258,-0.00259396924087,-0.0252025676413
2011-05-31,-0.0126795043668,-0.0081051054916,-0.0177847484334
2011-06-30,-0.0173879573336,-0.00227206684534,-0.00408782749967
2011-07-31,-0.0236091856669,-0.0126486778562,-0.00960547454163
2011-08-31,-0.0598219367623,-0.0268587750073,-0.0280244706938
2011-09-30,-0.0758850277012,-0.0295625530058,-0.0197179936502
2011-10-31,0.1135817776,0.0300114967821,0.00368750983179
2011-11-30,-0.00274672492561,0.000275865895951,-0.0066402838687
2011-12-31,0.00744088356482,-0.00744033139916,0.0182851201096
2012-01-31,0.0505047651288,0.0190341712899,-0.00761559812062
2012-02-29,0.0442681442102,-0.0198013244001,0.00603770361343
2012-03-31,0.0312916034283,-0.0078924780383,0.0125607836359
2012-04-30,-0.00855700012845,-0.00323008078583,-0.00819035574879
2012-05-31,-0.0619511159795,0.00375834897602,-0.0126840638824
2012-06-30,0.0390091790912,0.00752675543742,0.00576007760462
2012-07-31,0.00796044661827,-0.0240738080187,-0.00298901616572
2012-08-31,0.0254745377075,0.00326636100679,0.015286074542
2012-09-30,0.0273072794931,0.00584141654834,0.0150464154557
2012-10-31,-0.0176481572357,-0.0124378498005,0.0393510300508
2012-11-30,0.00778407281571,0.00727776056906,-0.0111732279901
2012-12-31,0.0117239403483,0.013204081295,0.0377985886843
2013-01-31,0.0557634273001,0.00308752858251,0.00994177368116
2013-02-28,0.01291250113,-0.00263943271867,-0.00116856854575
2013-03-31,0.040409632952,0.00610718988582,0.000217966633026
2013-04-30,0.0155979592004,-0.0250640555837,0.00470479557213
2013-05-31,0.0280487803472,0.0162679885886,0.0279985752374
2013-06-30,-0.0119550905108,0.0100737129534,-0.000660559855138
2013-07-31,0.0565207691909,0.0178561861207,0.0088495430432
2013-08-31,-0.0270837591481,0.00263802577801,-0.0262340811664
2013-09-30,0.0377002872148,0.0288311627791,-0.0121662839626
2013-10-31,0.0418072621699,-0.0167304554987,0.0148091784312
2013-11-30,0.0313059925922,0.00982373580761,0.00520694882456
2013-12-31,0.028163358967,-0.00474228045965,-0.00105551931864
2014-01-31,-0.0332067539919,0.0079705155152,-0.0187011151945
2014-02-28,0.046654903039,0.00332860473839,-0.00424439376062
2014-03-31,0.00443188827543,-0.0167744978013,0.0471013940529
2014-04-30,-0.00186020523893,-0.0414059918373,0.00976559016745
2014-05-31,0.0206633836569,-0.0177473577934,-0.000377978194727
2014-06-30,0.0261263815353,0.0272472957441,-0.00300620187301
2014-07-31,-0.0204240277823,-0.0408908329554,-0.00222409472649
2014-08-31,0.0424065058669,0.00569223105326,-0.00972162752872
2014-09-30,-0.0197156135561,-0.0360466947118,-0.0152486855133
2014-10-31,0.0252520545943,0.0411492628233,-0.0208188532722
2014-11-30,0.0255021425903,-0.0196477821746,-0.0328129013409
2014-12-31,-0.000545873095487,0.0238379151696,0.0231291136816
2015-01-31,-0.0311694882026,-0.00470288928166,-0.0363855018455
2015-02-28,0.0613421122704,0.00538367350437,-0.0168164357942
2015-03-31,-0.0112607151487,0.032023569293,-0.00490857768234
2015-04-30,0.00593332123035,-0.0312544969745,0.0198856289239
2015-05-31,0.0136234553185,0.00803744038816,-0.0111183086148
2015-06-30,-0.0153225553447,0.028233153329,-0.00571801199871
2015-07-31,0.0154020084227,-0.0364404744409,-0.0427568545352
2015-08-31,-0.0604180471469,0.00844972113131,0.0260228360013
2015-09-30,-0.0306961116917,-0.0253662158122,0.00626883843036
2015-10-31,0.0775582608661,-0.0197467839126,-0.00230030104107
2015-11-30,0.00568298563284,0.0364045340553,-0.00366301261566
2015-12-31,-0.0216804230689,-0.0266374968497,-0.0263456033193
2016-01-31,-0.0576337389473,-0.0279784501379,0.0151602045136
2016-02-29,-0.000681259088985,0.0101969148859,-0.0118681339913
2016-03-31,0.0696459694318,0.00569815065619,0.0137911794765
2016-04-30,0.00909120746352,0.00401297028081,0.0349572765156
2016-05-31,0.0178697536665,-0.00285646481858,-0.0141136750071
2016-06-30,-0.000476078593026,0.00716080314079,-0.0201607979021
2016-07-31,0.0395389699768,0.0281395370328,-0.00963878209451
2016-08-31,0.00493248443936,0.00806228466982,0.0302566839203
2016-09-30,0.00254915959188,0.0193518771349,-0.0100620219351
2016-10-31,-0.020285053705,-0.0430054539815,0.0403758242785
2016-11-30,0.0487235543816,0.0553097655733,0.0819589368078
2016-12-31,0.0181004738997,-6.91088655797e-05,0.0348487732444
2017-01-31,0.0193513282711,-0.0100384968265,-0.0279190756748
2017-02-28,0.0356625258206,-0.0192228810797,-0.0167780416974
2017-03-31,0.00171930188671,0.011313099091,-0.0329553007651
2017-04-30,0.0109293929792,0.00685919827041,-0.0206646215883
2017-05-31,0.010643069278,-0.0241411984559,-0.0359333247685
2017-06-30,0.00782759467204,0.0206330132456,0.013225476079
2017-07-31,0.0187550897814,-0.0147692325727,-0.00307979498784
2017-08-31,0.00165321363716,-0.0165134251803,-0.0226797586949
2017-09-30,0.0251722859863,0.0400795617693,0.0339488041677
2017-10-31,0.0224579156295,-0.0164293549474,0.000536384534183
2017-11-30,0.0313169386465,-0.00222002186072,-0.00622366233307
2017-12-31,0.01055002844,-0.0121545853489,-0.00106299959742
2018-01-31,0.055819697119,-0.0270358180727,-0.0185868003676
2018-02-28,-0.0364709666442,0.00275954038815,-0.0115092211023
2018-03-31,-0.0235454122615,0.0412327538058,-0.00553313484257
2018-04-30,0.00288272154908,0.00738617385063,0.00686434406612
2018-05-31,0.0264759764153,0.0506280787301,-0.0291022114239
2018-06-30,0.00471499567084,0.00699087240748,-0.0164362649383
2018-07-31,0.0319747588321,-0.0215759951106,0.00554326294494
2018-08-31,0.0344840449351,0.0103138235311,-0.0407672690633
2018-09-30,0.000595008595758,-0.0231650860464,-0.0177626296836
2018-10-31,-0.0767931354069,-0.0477396224419,0.036363047155
2018-11-30,0.0169298922133,-0.00689325703556,0.00170719768979
2018-12-31,-0.0955448296356,-0.023411837445,-0.0179381459107
2019-01-31,0.0840276634541,0.0293246294076,-0.00615644871937
2019-02-28,0.0340465587007,0.0190633205278,-0.0271400036048
2019-03-31,0.011030971538,-0.0310453874444,-0.0417423229215
2019-04-30,0.039676171488,-0.0166745622199,0.0200099895897
2019-05-31,-0.0694909188939,-0.0131055204641,-0.0228488828718
2019-06-30,0.0693334725017,-0.000116614510838,-0.00878944714915
2019-07-31,0.0119268699779,-0.0182378033117,0.00583312379744
2019-08-31,-0.0257065000218,-0.0240410210859,-0.0486155836638
2019-09-30,0.0143077897807,-0.00906974812584,0.0677029227202
2019-10-31,0.0207155103331,0.00296595868757,-0.0200240536512
2019-11-30,0.0387897120384,0.0083425121098,-0.0199440221941
2019-12-31,0.0277208229472,0.00637713165032,0.018746491258
2020-01-31,-0.00110041406973,-0.0298512786191,-0.0608514238403
2020-02-29,-0.0814548600877,0.0101975070415,-0.0393608905536
2020-03-31,-0.133845923232,-0.0517085189131,-0.140352297654
2020-04-30,0.136577084346,0.027289068107,-0.011962496214
2020-05-31,0.055891266238,0.0251267406458,-0.0500841467781
2020-06-30,0.0245897759396,0.02495890959,-0.021836656321
2020-07-31,0.0577450512157,-0.0218842399504,-0.014857233181
2020-08-31,0.07628385709,-0.00182088090763,-0.0276812713949
2020-09-30,-0.0363170334831,-0.000806845851649,-0.0264306585441
2020-10-31,-0.021085098275,0.0430384896388,0.0382044464838
2020-11-30,0.124742478796,0.0580865806042,0.0251407881939
2020-12-31,0.0463114244153,0.0484322537624,-0.0155314000034
2021-01-31,-0.000249561206732,0.0767749428496,0.0288725379063
2021-02-28,0.0278286563685,0.0197488469789,0.0732122182713
2021-03-31,0.0309294556667,-0.0239937945173,0.0716214043188
2021-04-30,0.0493102466687,-0.0311012792962,-0.00688242442365
2021-05-31,0.00287547185464,-0.0015260084229,0.0707916113833
2021-06-30,0.0275497191927,0.0176864491624,-0.076535117755
2021-07-31,0.0127002546528,-0.0384170158483,-0.0151335826254
2021-08-31,0.0291104513608,-0.00287279730549,0.000481086439097
2021-09-30,-0.0436514013746,0.00648148441836,0.04758709976
2021-10-31,0.0665705215435,-0.0218074796844,-0.00423851253318
2021-11-30,-0.015474273603,-0.0128341322412,-0.00726847886104
2021-12-31,0.0310247080813,-0.0182708444731,0.032824972327
2022-01-31,-0.0624720917253,-0.0587956470378,0.125835210322
2022-02-28,-0.0228592332777,0.0218960779619,0.031631744332
2022-03-31,0.0306572896137,-0.0154881893866,-0.0220173426688
2022-04-30,-0.0945043221063,-0.0148228627928,0.0571255570964
2022-05-31,-0.00334714742197,-0.0163191396461,0.0798639199042
2022-06-30,-0.0844007835047,0.0199053722877,-0.057260555221
2022-07-31,0.0956942992969,0.027549752751,-0.0427329275269
2022-08-31,-0.0377727273686,0.0134459900569,0.00288905311844
2022-09-30,-0.0935986367876,-0.00862843462745,-0.000982302943136
2022-10-31,0.0783915387665,-0.00462693984972,0.0814273173274
2022-11-30,0.0461675728266,-0.0381290048978,0.0164533818396
2022-12-31,-0.0640787521221,-0.0098222063321,0.0131497814113
2023-01-31,0.0664469580528,0.0526100734441,-0.0384477179737
2023-02-28,-0.0258820891007,0.00813625991336,-0.00974832717827
2023-03-31,0.0251172632476,-0.0541430928263,-0.0866493723989
2023-04-30,0.00606587877701,-0.0341155095371,0.00131708115171
2023-05-31,0.00349189472336,0.0201443122682,-0.0763804332096
2023-06-30,0.0647070223228,0.0154597143231,-0.0054005078272
2023-07-31,0.0321471316493,0.0221967329443,0.0478917848981
2023-08-31,-0.0238236097697,-0.0321086315174,-0.013537393716
2023-09-30,-0.0524718346695,-0.0258340660229,0.0116190846515
2023-10-31,-0.0318487290073,-0.0409056155119,-0.00108894496699
2023-11-30,0.0883830307083,-0.00483796669876,0.0172201202859
2023-12-31,0.0486694167954,0.0619894876723,0.0509205800269
2024-01-31,0.00707153403808,-0.0488176871681,-0.0246417267313
2024-02-29,0.0507170300629,-0.00350317406137,-0.0331988244364
2024-03-31,0.028305459899,-0.0241790796321,0.0453900520644
2024-04-30,-0.0467259865298,-0.0218261375696,-0.00624568191441
2024-05-31,0.0433619637182,0.00916733906223,-0.0146745479205
2024-06-30,0.0277345879318,-0.0306850277075,-0.0354518616384
2024-07-31,0.0124158676241,0.0687942576676,0.0584665806028
2024-08-31,0.0161824802011,-0.0374921421796,-0.00785828430685
2024-09-30,0.0174566052522,-0.00272534116811,-0.0280070536272
2024-10-31,-0.00968643707849,-0.00808112538131,0.0080611414205
2024-11-30,0.0650347220128,0.0511921515315,-0.00464442748708
2024-12-31,-0.0317223527473,-0.0255303780464,-0.0295104038903
2025-01-31,0.0282705904811,-0.0200475602894,0.0178410585857
2025-02-28,-0.0248803458097,-0.0608296651674,0.0500583902978
2025-03-31,-0.0641761402596,-0.0278794106635,0.0291066446359
2025-04-30,-0.0080487559744,-0.00475380711631,-0.0346113838514
2025-05-31,0.0615894666797,0.0122230641531,-0.0335904296184
2025-06-30,0.0492254581748,0.0115601328373,-0.0159558687143
2025-07-31,0.0200413822212,0.00354024516631,-0.0154249969237
2025-08-31,0.0175567456832,0.0347750809812,0.0486067137933
2025-09-30,0.0343207875402,-0.0145366787328,-0.0123395640475
2025-10-31,0.0195503951847,-0.00156084634569,-0.03488100404
2025-11-30,-0.00260816146792,-0.000415119565685,0.0458035696287
2025-12-31,-0.00361986332388,-0.01308465126,0.0195290487236
