formation_year,firms,microcaps,june_me,microcap_count_share,microcap_capital_share
2002,4983,3116,10925235.4398373,0.6253261087698174,0.02467920201817777
2003,4638,2788,10853305.3328741,0.6011211729193618,0.025250976723735656
2004,4451,2704,13104733.6359782,0.6075039317007415,0.032997640250466774
2005,4419,2715,13928260.7210346,0.6143923964697895,0.03502803768655761
2006,4321,2650,14722014.7121829,0.6132839620458227,0.037353957967914575
2007,4212,2572,16870107.0601661,0.610636277302944,0.035148588006860104
2008,4159,2482,13980100.0671111,0.5967780716518394,0.025620782243307355
2009,3873,2175,10022960.0400747,0.5615801704105344,0.021815372397021988
2010,3702,2058,11333490.6217226,0.5559157212317666,0.02448920155987343
2011,3563,1943,14610591.89576345,0.5453269716531013,0.023232722624185857
2012,3464,1838,14509439.1486632,0.5306004618937644,0.020283189351830638
2013,3341,1739,16945153.58904215,0.5205028434600419,0.020879948160927225
2014,3348,1689,20399818.9584363,0.5044802867383512,0.019702212031479142
2015,3434,1677,21130144.8687765,0.488351776354106,0.01687763739379179
2016,3321,1647,20370255.2280478,0.4959349593495935,0.0150221174887717
2017,3167,1574,23197981.9523346,0.4970003157562362,0.01627380522000997
2018,3163,1537,25922360.787602544,0.48593107809042047,0.015990583521319768
2019,3189,1522,27023248.1546635,0.4772656005017247,0.011912999430823187
2020,3169,1405,27986234.888767492,0.443357526033449,0.00798589267698863
2021,3239,1527,40937816.6864501,0.4714418030256252,0.012371814179524546
2022,3619,1810,34845926.12518643,0.5001381597126278,0.010484944468689373
2023,3537,1784,39545773.03453448,0.5043822448402601,0.008606673833439873
2024,3357,1689,50452863.42520775,0.5031277926720286,0.006918865080873546
2025,3225,1577,57541309.926055446,0.4889922480620155,0.006106588164203995
