formation_year,size50,size20,bm30,bm70,nyse_n
2002,1250.2674,340.787164,0.369207761647,0.747117844854,1399
2003,1205.79678,340.71711,0.435616125319,0.826600718517,1384
2004,1702.667065,547.019792,0.349180782599,0.628848306275,1372
2005,1855.16233,620.439148,0.323627389495,0.579921931715,1377
2006,2148.468,698.442462,0.321079639101,0.595834711806,1339
2007,2612.357355,760.28082,0.313376928754,0.581935324451,1316
2008,1961.6,494.146494,0.329126015636,0.670641433172,1299
2009,1396.56087,338.1012,0.508119293259,1.07489228881,1226
2010,1701.174355,450.004782,0.412321129478,0.796238559151,1222
2011,2314.928085,599.619168,0.369467281006,0.706528057011,1212
2012,1992.62691,530.4156,0.411433182098,0.81559078902,1206
2013,2527.5096,670.443306,0.370308525532,0.757516105532,1209
2014,3075.00557,759.1764,0.296962866502,0.604750126558,1232
2015,2849.336675,682.100152,0.278076827073,0.630053612803,1250
2016,2566.813635,620.90818,0.307620445098,0.709060585155,1198
2017,3073.78654,768.4017,0.276306418309,0.6010322176,1142
2018,3294.70089,888.810296,0.265896663311,0.607772012662,1135
2019,3109.60012,703.309392,0.330137688701,0.810973681136,1125
2020,2526.72336,487.287682,0.292428577961,0.726683284911,1095
2021,4324.129045,1063.57459,0.248821662485,0.699000492819,1090
2022,3200.94423,689.04801,0.219362562144,0.585162076878,1183
2023,3615.53814,740.470568,0.300696082081,0.727962022523,1170
2024,3918.053035,798.00736,0.273146775342,0.709387165009,1146
2025,4288.63608,820.66448,0.256248188836,0.689491396323,1130
