factor,date,reconstructed,benchmark,difference_bps
MKT_RF,2025-11-30,-0.00260816146792,-0.0013,-13.0816146792
MKT_RF,2021-12-31,0.0310247080813,0.0323,-12.752919187000028
MKT_RF,2001-01-31,0.0312550519997,0.0325,-12.449480002999987
SMB,2024-11-30,0.0511921515315,0.0449,62.92151531499999
SMB,2025-05-31,0.0122230641531,0.0061,61.230641530999996
SMB,2016-01-31,-0.0279784501379,-0.034,60.21549862100004
HML,2024-11-30,-0.00464442748708,0.0038,-84.4442748708
HML,2025-11-30,0.0458035696287,0.0376,82.03569628699995
HML,2010-08-31,-0.0246161084847,-0.0173,-73.16108484700001
