date,MKT,CRSP_VWRETD,market_n
2000-01-31,-0.043258193719014695,-0.039622,6589
2000-02-29,0.02876655056699272,0.03176,6543
2000-03-31,0.05695853973681175,0.053499,6537
2000-04-30,-0.059456459537890076,-0.059519,6543
2000-05-31,-0.03916244436959646,-0.038863,6558
2000-06-30,0.05092827845840006,0.051576,6517
2000-07-31,-0.020349857537628493,-0.017679,6511
2000-08-31,0.07541596821774744,0.074984,6508
2000-09-30,-0.0493927164465304,-0.051154,6511
2000-10-31,-0.02195237687650772,-0.02448,6453
2000-11-30,-0.10210628139572239,-0.102365,6398
2000-12-31,0.016920779467993693,0.020449,6339
2001-01-31,0.03665505199970616,0.039573,6268
2001-02-28,-0.096786354219773,-0.099084,6214
2001-03-31,-0.0684530362728368,-0.070408,6160
2001-04-30,0.08339004723224351,0.083834,6085
2001-05-31,0.010405424929506822,0.010442,6001
2001-06-30,-0.016588676466336813,-0.017561,5947
2001-07-31,-0.01830761648720803,-0.018284,5894
2001-08-31,-0.06154291275954493,-0.05898,5807
2001-09-30,-0.08970809813196039,-0.091497,5773
2001-10-31,0.026816565637787858,0.027847,5731
2001-11-30,0.07715361471870605,0.078789,5661
2001-12-31,0.017528031302705967,0.017854,5627
2002-01-31,-0.013028381454741979,-0.015966,5587
2002-02-28,-0.021603654530150777,-0.0217,5546
2002-03-31,0.04375180471455276,0.044698,5513
2002-04-30,-0.050538337793699414,-0.0496,5469
2002-05-31,-0.012376290537211907,-0.01051,5437
2002-06-30,-0.07088972814669327,-0.070259,5413
2002-07-31,-0.08032782094656758,-0.081124,5391
2002-08-31,0.006404006392843254,0.007949,5338
2002-09-30,-0.10211763902475897,-0.099923,5309
2002-10-31,0.07980762524027811,0.07494,5258
2002-11-30,0.06081464598618438,0.061281,5231
2002-12-31,-0.056458249378587864,-0.053335,5203
2003-01-31,-0.02476291698753188,-0.023367,5165
2003-02-28,-0.017964732960182694,-0.015417,5141
2003-03-31,0.011930231319167428,0.010321,5078
2003-04-30,0.083276866397447,0.082768,5044
2003-05-31,0.06141504910419588,0.063471,5012
2003-06-30,0.01519109528445191,0.016346,4987
2003-07-31,0.02409633991374683,0.023112,4950
2003-08-31,0.024077053746501514,0.024965,4921
2003-09-30,-0.011532760454197166,-0.00912,4907
2003-10-31,0.061505683269528856,0.060361,4888
2003-11-30,0.014217986106208221,0.016594,4868
2003-12-31,0.04375013907807206,0.045476,4856
2004-01-31,0.022226358929690368,0.023042,4855
2004-02-29,0.014627764055815956,0.015443,4847
2004-03-31,-0.012315993302435607,-0.010662,4847
2004-04-30,-0.017559302411545418,-0.024222,4834
2004-05-31,0.012379669932218635,0.014068,4821
2004-06-30,0.019380400411753408,0.021611,4819
2004-07-31,-0.039670496562049115,-0.037698,4808
2004-08-31,0.0018860196793666958,0.002703,4810
2004-09-30,0.01716601660714264,0.020556,4812
2004-10-31,0.015402671099054637,0.017806,4802
2004-11-30,0.046934076831863354,0.048214,4798
2004-12-31,0.03593279857116487,0.03517,4791
2005-01-31,-0.02593347903738217,-0.026546,4792
2005-02-28,0.020528552490012023,0.022646,4782
2005-03-31,-0.017548215221780267,-0.016944,4785
2005-04-30,-0.024031103895128005,-0.025206,4775
2005-05-31,0.03892671740885905,0.037954,4764
2005-06-30,0.007941047992043176,0.011529,4761
2005-07-31,0.04158529835102517,0.043357,4762
2005-08-31,-0.009165622280651306,-0.005958,4749
2005-09-30,0.007710490490076696,0.0106,4759
2005-10-31,-0.017417520157666833,-0.020866,4745
2005-11-30,0.039302607817681065,0.040326,4744
2005-12-31,0.0007002617139761684,0.003458,4728
2006-01-31,0.03392283142178197,0.040072,4717
2006-02-28,0.00039112555187983776,-0.001639,4700
2006-03-31,0.018353542636034302,0.019065,4698
2006-04-30,0.010861689462996319,0.013,4696
2006-05-31,-0.03146949014010557,-0.031032,4688
2006-06-30,0.0005113772615060376,-0.000391,4693
2006-07-31,-0.0037661711591212175,-0.001912,4692
2006-08-31,0.024539130894986192,0.025041,4687
2006-09-30,0.022547991250998847,0.019425,4684
2006-10-31,0.036381806509312935,0.037153,4674
2006-11-30,0.02133110115619164,0.023737,4674
2006-12-31,0.012594130652326955,0.010857,4668
2007-01-31,0.018498363638022312,0.019387,4649
2007-02-28,-0.015806693151292794,-0.014006,4637
2007-03-31,0.01109903873689359,0.012954,4633
2007-04-30,0.03928017437511412,0.039834,4616
2007-05-31,0.03653545714322735,0.038953,4612
2007-06-30,-0.015615262693191353,-0.014747,4618
2007-07-31,-0.033411766648093144,-0.03179,4618
2007-08-31,0.01340863253197412,0.011593,4604
2007-09-30,0.03551025255193526,0.040822,4609
2007-10-31,0.021248124040634683,0.02591,4576
2007-11-30,-0.04484728453617352,-0.049362,4568
2007-12-31,-0.005968187436571551,-0.004405,4561
2008-01-31,-0.06139257714363573,-0.062218,4574
2008-02-29,-0.029595122665425144,-0.021697,4558
2008-03-31,-0.00761411904895262,-0.010444,4548
2008-04-30,0.04780060244032693,0.051199,4527
2008-05-31,0.02031636549308357,0.023935,4498
2008-06-30,-0.08280368630842153,-0.078436,4489
2008-07-31,-0.006160452777611609,-0.013413,4463
2008-08-31,0.016541701386868467,0.010597,4441
2008-09-30,-0.09090287473656097,-0.098172,4415
2008-10-31,-0.17149192915502734,-0.184833,4384
2008-11-30,-0.0783001393967467,-0.084681,4353
2008-12-31,0.017763474597092693,0.022232,4325
2009-01-31,-0.0812654288313617,-0.077471,4299
2009-02-28,-0.10119734302730173,-0.100166,4274
2009-03-31,0.09003515776707059,0.086803,4239
2009-04-30,0.10202577403313128,0.109466,4206
2009-05-31,0.05211377283961434,0.067787,4185
2009-06-30,0.0043602857320858765,-0.003019,4154
2009-07-31,0.0774413214130291,0.081779,4136
2009-08-31,0.03341570469847811,0.03151,4118
2009-09-30,0.04090320355568678,0.045281,4104
2009-10-31,-0.02588115186661486,-0.028072,4087
2009-11-30,0.055666902045031046,0.057075,4071
2009-12-31,0.027563482832433015,0.028475,4061
2010-01-31,-0.033559065957091946,-0.037172,4050
2010-02-28,0.034052559695864994,0.034744,4041
2010-03-31,0.06323319146791176,0.063668,4027
2010-04-30,0.020066640216993337,0.020036,4016
2010-05-31,-0.0789136349606188,-0.07924,4014
2010-06-30,-0.05556864634364645,-0.05078,4017
2010-07-31,0.06943649758912286,0.07036,3988
2010-08-31,-0.04765495790079339,-0.042863,3989
2010-09-30,0.09560313461935364,0.091628,3982
2010-10-31,0.03890583096061029,0.038591,3962
2010-11-30,0.006069934992229272,0.005117,3943
2010-12-31,0.06835155643508209,0.067182,3920
2011-01-31,0.0199455960507183,0.019183,3919
2011-02-28,0.03500753228318822,0.038156,3911
2011-03-31,0.004650004279026359,0.003341,3900
2011-04-30,0.02909010792584943,0.028597,3876
2011-05-31,-0.012679504366756515,-0.014948,3863
2011-06-30,-0.017387957333627746,-0.018447,3836
2011-07-31,-0.02360918566691924,-0.022534,3823
2011-08-31,-0.05972193676226587,-0.057564,3831
2011-09-30,-0.07588502770119904,-0.084983,3817
2011-10-31,0.11358177759983996,0.114146,3808
2011-11-30,-0.002746724925610817,-0.00627,3781
2011-12-31,0.007440883564817853,0.003676,3773
2012-01-31,0.05050476512878856,0.054106,3755
2012-02-29,0.044268144210200235,0.041225,3744
2012-03-31,0.0312916034282846,0.02402,3746
2012-04-30,-0.008557000128452182,-0.006829,3744
2012-05-31,-0.06185111597954174,-0.06559,3737
2012-06-30,0.03900917909123519,0.038151,3731
2012-07-31,0.007960446618270589,0.010307,3710
2012-08-31,0.025574537707472197,0.026317,3702
2012-09-30,0.027407279493058167,0.026513,3691
2012-10-31,-0.01754815723574209,-0.014055,3666
2012-11-30,0.00788407281570765,0.006217,3671
2012-12-31,0.011823940348309268,0.012569,3647
2013-01-31,0.055763427300071604,0.054142,3640
2013-02-28,0.012912501130021492,0.008282,3632
2013-03-31,0.04040963295196869,0.035295,3626
2013-04-30,0.015597959200422059,0.014939,3611
2013-05-31,0.028048780347239174,0.019128,3609
2013-06-30,-0.011955090510776282,-0.015072,3613
2013-07-31,0.05652076919089489,0.052658,3614
2013-08-31,-0.027083759148109784,-0.02575,3620
2013-09-30,0.037700287214759744,0.037497,3621
2013-10-31,0.041807262169918896,0.039888,3629
2013-11-30,0.03130599259222155,0.024956,3626
2013-12-31,0.028163358966969292,0.02614,3637
2014-01-31,-0.033206753991869536,-0.03002,3638
2014-02-28,0.046654903038953775,0.046198,3641
2014-03-31,0.0044318882754328815,0.00454,3655
2014-04-30,-0.0018602052389289582,0.001573,3676
2014-05-31,0.020663383656863318,0.020254,3691
2014-06-30,0.02612638153533789,0.027973,3702
2014-07-31,-0.02042402778232042,-0.020555,3712
2014-08-31,0.04240650586686191,0.040205,3735
2014-09-30,-0.019715613556146105,-0.025196,3743
2014-10-31,0.025252054594311173,0.021164,3739
2014-11-30,0.025502142590283758,0.021104,3750
2014-12-31,-0.0005458730954873861,-0.003659,3760
2015-01-31,-0.031169488202597143,-0.027163,3759
2015-02-28,0.06134211227035962,0.055915,3751
2015-03-31,-0.011260715148741243,-0.010397,3743
2015-04-30,0.005933321230349175,0.008766,3738
2015-05-31,0.013623455318526653,0.010277,3745
2015-06-30,-0.015322555344740557,-0.019231,3744
2015-07-31,0.015402008422712037,0.012108,3744
2015-08-31,-0.0604180471469096,-0.059926,3769
2015-09-30,-0.030696111691683736,-0.033756,3769
2015-10-31,0.07755826086610317,0.073937,3747
2015-11-30,0.0056829856328432255,0.002404,3751
2015-12-31,-0.02158042306885028,-0.022209,3743
2016-01-31,-0.0575337389472958,-0.057085,3719
2016-02-29,-0.00048125908898544943,0.00062,3696
2016-03-31,0.06984596943180696,0.070491,3683
2016-04-30,0.009191207463516213,0.011718,3670
2016-05-31,0.017969753666488546,0.01434,3654
2016-06-30,-0.000276078593026307,0.002947,3653
2016-07-31,0.03973896997681554,0.038815,3635
2016-08-31,0.00513248443936117,0.0028,3633
2016-09-30,0.0027491595918801293,0.003013,3616
2016-10-31,-0.020085053704968655,-0.021544,3610
2016-11-30,0.04882355438162409,0.040488,3613
2016-12-31,0.01840047389967126,0.018763,3603
2017-01-31,0.019751328271074658,0.022153,3596
2017-02-28,0.03606252582062048,0.032598,3590
2017-03-31,0.0020193018867090628,0.002062,3580
2017-04-30,0.01142939297921059,0.009655,3578
2017-05-31,0.011243069277979488,0.009335,3585
2017-06-30,0.00842759467203656,0.009571,3576
2017-07-31,0.01945508978137763,0.020277,3587
2017-08-31,0.0025532136371628723,0.0016,3584
2017-09-30,0.026072285986336315,0.023729,3575
2017-10-31,0.023357915629510166,0.019275,3557
2017-11-30,0.03211693864649575,0.027231,3556
2017-12-31,0.011450028439982001,0.012122,3561
2018-01-31,0.056919697119016274,0.050577,3565
2018-02-28,-0.03537096664423079,-0.039454,3559
2018-03-31,-0.022345412261509007,-0.018421,3556
2018-04-30,0.004282721549084626,0.004679,3555
2018-05-31,0.027875976415267095,0.026146,3562
2018-06-30,0.006114995670841185,0.005359,3566
2018-07-31,0.03357475883211616,0.031573,3583
2018-08-31,0.03608404493511892,0.030226,3593
2018-09-30,0.0020950085957578916,0.000425,3598
2018-10-31,-0.074893135406855,-0.074045,3594
2018-11-30,0.018729892213332922,0.018512,3597
2018-12-31,-0.0936448296355516,-0.08989,3583
2019-01-31,0.08612766345409588,0.088294,3577
2019-02-28,0.03584655870068218,0.032724,3567
2019-03-31,0.012930971538032257,0.012962,3560
2019-04-30,0.04177617148802508,0.037893,3554
2019-05-31,-0.06739091889387462,-0.061679,3571
2019-06-30,0.07113347250174315,0.067279,3584
2019-07-31,0.013826869977925756,0.011854,3589
2019-08-31,-0.02410650002183496,-0.020339,3598
2019-09-30,0.016107789780659278,0.016033,3585
2019-10-31,0.022215510333099975,0.019257,3582
2019-11-30,0.03998971203839514,0.034999,3582
2019-12-31,0.029120822947200847,0.028489,3570
2020-01-31,0.0001995859302726809,-0.001728,3566
2020-02-29,-0.08025486008767357,-0.077918,3570
2020-03-31,-0.1326459232323286,-0.141733,3574
2020-04-30,0.13657708434568128,0.129674,3560
2020-05-31,0.05599126623797309,0.053739,3557
2020-06-30,0.024689775939599236,0.025299,3546
2020-07-31,0.0578450512156504,0.055532,3552
2020-08-31,0.07638385708995946,0.068442,3562
2020-09-30,-0.03621703348313133,-0.035056,3582
2020-10-31,-0.020985098275023716,-0.020178,3603
2020-11-30,0.12484247879567209,0.123707,3654
2020-12-31,0.04641142441526851,0.045048,3682
2021-01-31,-0.0002495612067320735,-0.000631,3718
2021-02-28,0.027828656368479834,0.029196,3756
2021-03-31,0.03092945566666067,0.030573,3809
2021-04-30,0.04931024666866937,0.04819,3897
2021-05-31,0.002875471854638358,0.007092,3986
2021-06-30,0.027549719192701487,0.023422,4031
2021-07-31,0.012700254652810855,0.011828,4077
2021-08-31,0.02911045136083553,0.027146,4145
2021-09-30,-0.0436514013745547,-0.042243,4181
2021-10-31,0.06657052154348898,0.064651,4214
2021-11-30,-0.015474273603041388,-0.018351,4252
2021-12-31,0.031124708081253703,0.033341,4305
2022-01-31,-0.06247209172531709,-0.059822,4351
2022-02-28,-0.022859233277748223,-0.021838,4381
2022-03-31,0.030657289613701923,0.030506,4393
2022-04-30,-0.09450432210632363,-0.089387,4402
2022-05-31,-0.0030471474219683154,-0.002113,4411
2022-06-30,-0.0838007835047298,-0.083997,4408
2022-07-31,0.0964942992969189,0.090351,4397
2022-08-31,-0.03587272736861845,-0.036233,4390
2022-09-30,-0.09169863678761504,-0.091323,4398
2022-10-31,0.08069153876654114,0.077394,4380
2022-11-30,0.04906757282661075,0.052354,4365
2022-12-31,-0.06077875212205007,-0.05712,4282
2023-01-31,0.06994695805276603,0.071823,4261
2023-02-28,-0.02248208910072699,-0.024666,4239
2023-03-31,0.028717263247595392,0.02395,4206
2023-04-30,0.009565878777009604,0.008976,4191
2023-05-31,0.007091894723357814,0.000709,4170
2023-06-30,0.06870702232282955,0.066183,4150
2023-07-31,0.03664713164930795,0.035617,4133
2023-08-31,-0.019323609769743726,-0.020608,4108
2023-09-30,-0.04817183466954751,-0.047391,4097
2023-10-31,-0.027148729007332357,-0.028865,4070
2023-11-30,0.09278303070830556,0.092053,4049
2023-12-31,0.0529694167953835,0.053603,4008
2024-01-31,0.011771534038080771,0.00756,4000
2024-02-29,0.054917030062877084,0.050583,3979
2024-03-31,0.03260545989897915,0.03245,3963
2024-04-30,-0.04202598652980866,-0.042724,3944
2024-05-31,0.04776196371821074,0.046552,3927
2024-06-30,0.0318345879318233,0.026073,3910
2024-07-31,0.01691586762411313,0.019877,3887
2024-08-31,0.02098248020114673,0.02157,3864
2024-09-30,0.021456605252206367,0.02097,3842
2024-10-31,-0.005786437078490496,-0.008299,3821
2024-11-30,0.06903472201284566,0.064859,3814
2024-12-31,-0.028022352747290695,-0.031581,3789
2025-01-31,0.03197059048113264,0.032292,3774
2025-02-28,-0.021580345809677364,-0.017566,3756
2025-03-31,-0.060776140259588204,-0.055123,3751
2025-04-30,-0.0045487559744014855,-0.00361,3717
2025-05-31,0.0653894666796525,0.061267,3706
2025-06-30,0.052625458174787074,0.049246,3701
2025-07-31,0.02344138222119344,0.019791,3686
2025-08-31,0.02135674568321726,0.024122,3681
2025-09-30,0.037620787540195606,0.035626,3675
2025-10-31,0.02325039518472034,0.019284,3661
2025-11-30,0.00039183853208141174,0.001997,3656
2025-12-31,-0.00021986332387936687,0.001297,3640
