date,SMB,HML
2001-07-31,-0.0519094583527,0.0667534151393
2001-08-31,0.0222546276485,0.0302915581412
2001-09-30,-0.0693738718464,0.0251847073607
2001-10-31,0.0846526916378,-0.0871554255881
2001-11-30,-0.00491408636202,0.0204524237108
2001-12-31,0.0451489862272,0.0112093309925
2002-01-31,0.0120842135739,0.033476460947
2002-02-28,-0.00729386289843,0.0187217025912
2002-03-31,0.0435437848524,0.00383010812385
2002-04-30,0.064534516538,0.0319532932941
2002-05-31,-0.0304842270899,0.0142760494724
2002-06-30,0.0411860555855,0.00519165897626
2002-07-31,-0.0503184712377,-0.0358495939374
2002-08-31,-0.028070219905,0.0308179755136
2002-09-30,0.023302450288,0.0127619663151
2002-10-31,-0.0338457019532,-0.0398324421984
2002-11-30,0.0321874608512,-0.00974375626674
2002-12-31,-0.000233861752622,0.0206792396148
2003-01-31,0.0132833382916,-0.00699740546133
2003-02-28,-0.00461697440557,-0.0118938272276
2003-03-31,0.0115773300506,-0.020533492473
2003-04-30,0.00782365739194,0.0125338552635
2003-05-31,0.0448283391654,0.00740939697511
2003-06-30,0.0170042438717,0.00241340081458
2003-07-31,0.0519930478786,-0.0107336517335
2003-08-31,0.0263756996706,0.0157503765059
2003-09-30,0.00828738964774,0.00024283081075
2003-10-31,0.0274366763593,0.02120915191
2003-11-30,0.0209919457379,0.0191355840681
2003-12-31,-0.0276472878686,0.0144646451297
2004-01-31,0.0255535544441,0.0244191686405
2004-02-29,-0.0151119904138,0.00987264377883
2004-03-31,0.0176326135126,0.00189905827393
2004-04-30,-0.0180816448376,-0.0312527038006
2004-05-31,-0.00185023364822,-0.00159489613964
2004-06-30,0.0223712688585,0.0120055058753
2004-07-31,-0.0371053782239,0.0329790565588
2004-08-31,-0.0144069420142,0.0107006434887
2004-09-30,0.0312765464776,-0.000239579052289
2004-10-31,0.0016594099455,-0.00443038102061
2004-11-30,0.0371200278016,0.0157012761256
2004-12-31,-0.00100676131317,-0.000748105253661
2005-01-31,-0.0173968062817,0.0223670147274
2005-02-28,-0.00433252519777,0.015706430062
2005-03-31,-0.0146320845427,0.020012924733
2005-04-30,-0.0399402529646,-0.000579210169203
2005-05-31,0.0285267656617,-0.00490710621793
2005-06-30,0.02427787775,0.0300092804388
2005-07-31,0.0278671111962,-0.00790809703091
2005-08-31,-0.00980085527596,0.0123323035462
2005-09-30,-0.00685084901518,0.0082866994431
2005-10-31,-0.0133356272967,0.00254569432113
2005-11-30,0.00986648044179,-0.0132013121119
2005-12-31,-0.00415007196785,0.00166611811548
2006-01-31,0.0548314895382,0.0112698664575
2006-02-28,-0.00397137709797,-0.00517344249079
2006-03-31,0.0337154187118,0.00567873475879
2006-04-30,-0.0142360415494,0.0243759787651
2006-05-31,-0.0303598737114,0.0234402373687
2006-06-30,-0.00482691078859,0.007547897614
2006-07-31,-0.0407533103033,0.0263885178184
2006-08-31,0.00924480287904,-0.0188698812483
2006-09-30,-0.0121935819374,0.000512004816683
2006-10-31,0.0178138922072,-0.00236373975596
2006-11-30,0.00751639301327,-0.00031297197631
2006-12-31,-0.0124178243348,0.0272609925699
2007-01-31,0.00143830823953,-0.00729664731092
2007-02-28,0.0124702329286,-0.000444853206917
2007-03-31,0.000996096127594,-0.00875362181537
2007-04-30,-0.021961946675,-0.0143088226966
2007-05-31,0.00259778391509,-0.00550031520492
2007-06-30,0.00670178808611,-0.00986307086335
2007-07-31,-0.026155975947,-0.035990427037
2007-08-31,-0.000964991273423,-0.0193153327366
2007-09-30,-0.0224918431473,-0.0228041477139
2007-10-31,0.00211453803161,-0.0280168104988
2007-11-30,-0.0276900151246,-0.0109190895184
2007-12-31,5.41049023058e-05,-0.00335599663778
2008-01-31,-0.010193046049,0.0413867481058
2008-02-29,-0.00456857918187,-0.00645849231326
2008-03-31,0.00788949030505,0.00094746805642
2008-04-30,-0.0172206305796,-0.006980273557
2008-05-31,0.0289050591802,-0.0146114166543
2008-06-30,0.010624603339,-0.0249742893864
2008-07-31,0.0257628425277,0.0528017807528
2008-08-31,0.033584693618,0.0151231090669
2008-09-30,-0.011414932271,0.0602055729141
2008-10-31,-0.0232779708041,-0.0198528355696
2008-11-30,-0.0281467402535,-0.0597376403091
2008-12-31,0.0358628463031,-0.00059401710751
2009-01-31,0.00407264057974,-0.112735075921
2009-02-28,0.00378742050458,-0.0655605309297
2009-03-31,-0.00310889225548,0.0348060782931
2009-04-30,0.0489468977815,0.0511437670484
2009-05-31,-0.026047627564,0.00419618939273
2009-06-30,0.0256694487227,-0.0274904733608
2009-07-31,0.0193753280303,0.0477543608667
2009-08-31,-0.0115286223292,0.0758674598875
2009-09-30,0.0239642917867,0.0111136928041
2009-10-31,-0.0408266277895,-0.0423711229554
2009-11-30,-0.0243914132582,-0.00333148982908
2009-12-31,0.0610423374343,-0.0020199084022
2010-01-31,0.00437327078145,0.00234749187255
2010-02-28,0.0113174218643,0.0302250936064
2010-03-31,0.0147979967161,0.0228209845604
2010-04-30,0.0481579852444,0.0289891995779
2010-05-31,0.000870170722476,-0.0238253824154
2010-06-30,-0.0190856460728,-0.0463065636627
2010-07-31,-0.00138241216291,0.00230930294426
2010-08-31,-0.0254865595195,-0.0245834880864
2010-09-30,0.0385483708879,-0.0320128733165
2010-10-31,0.0089927170717,-0.0220124384915
2010-11-30,0.0387872462716,-0.0110294958113
2010-12-31,0.00211212212432,0.0418561454008
2011-01-31,-0.0221409596481,0.00623854359501
2011-02-28,0.0173297399205,0.00943249750237
2011-03-31,0.024725462031,-0.0160170942564
2011-04-30,-0.00259083018516,-0.0252053766948
2011-05-31,-0.00811382680744,-0.0177761128207
2011-06-30,-0.00227453334049,-0.00408157800786
2011-07-31,-0.0123432295071,-0.00939837802586
2011-08-31,-0.0267811342145,-0.028194044071
2011-09-30,-0.0296700917597,-0.0198414998574
2011-10-31,0.0301385370631,0.00388143213517
2011-11-30,0.000343132400026,-0.00662572916753
2011-12-31,-0.00753679315803,0.0182602372283
2012-01-31,0.0189945910548,-0.00734994030137
2012-02-29,-0.019732225624,0.00619916759091
2012-03-31,-0.00809960643834,0.0123688792798
2012-04-30,-0.00335892862435,-0.00833043737358
2012-05-31,0.00357379759338,-0.0127915398359
2012-06-30,0.00756410157569,0.00588690010796
2012-07-31,-0.0241049023282,-0.00297963734232
2012-08-31,0.0032605631504,0.0153394974545
2012-09-30,0.00583753625972,0.0150834132652
2012-10-31,-0.0124461457571,0.0394187988228
2012-11-30,0.00725702672722,-0.0111158140605
2012-12-31,0.0132116987902,0.0378122014193
2013-01-31,0.00305183083534,0.0100428726354
2013-02-28,-0.00262036653087,-0.00119214732652
2013-03-31,0.00615962654563,0.000110474949124
2013-04-30,-0.0249735644053,0.00453793950144
2013-05-31,0.0162179063936,0.0280482625593
2013-06-30,0.010073167077,-0.000654873924067
2013-07-31,0.0175717348872,0.00844173231286
2013-08-31,0.00262713846329,-0.0262567715762
2013-09-30,0.0288190320456,-0.0121499753897
2013-10-31,-0.0167559512017,0.0147812277867
2013-11-30,0.0098392069655,0.0052116334124
2013-12-31,-0.00477641191863,-0.00108551094503
2014-01-31,0.00810049426163,-0.0186018603841
2014-02-28,0.0032341866445,-0.00435471227903
2014-03-31,-0.0168846536723,0.0469773897533
2014-04-30,-0.0413385492724,0.00981882791848
2014-05-31,-0.0177729415872,-0.000358641103341
2014-06-30,0.0273040907576,-0.0029191231557
2014-07-31,-0.0408922331031,-0.00231788893464
2014-08-31,0.00579316535818,-0.00990939151787
2014-09-30,-0.0362142187509,-0.0153276897056
2014-10-31,0.0411307431056,-0.0206069246588
2014-11-30,-0.0196776979132,-0.0327390728204
2014-12-31,0.0237184114553,0.0230386347426
2015-01-31,-0.00502475208479,-0.0366107242216
2015-02-28,0.00523875622111,-0.0168704224802
2015-03-31,0.0318302443691,-0.00498399006796
2015-04-30,-0.0314211874066,0.0197694951144
2015-05-31,0.0079374609334,-0.0109284457467
2015-06-30,0.0280837826339,-0.00578674330086
2015-07-31,-0.0359617190842,-0.0425821993497
2015-08-31,0.00791879016548,0.0260441870906
2015-09-30,-0.0250744228877,0.00648093202258
2015-10-31,-0.0195308312958,-0.00218351296533
2015-11-30,0.0367340718036,-0.00379807168084
2015-12-31,-0.0264121085989,-0.026205912532
2016-01-31,-0.0280916537132,0.0149020586962
2016-02-29,0.0104361739577,-0.0118685112425
2016-03-31,0.00559227762604,0.0137180203385
2016-04-30,0.00364665205358,0.0350059717932
2016-05-31,-0.00284326182784,-0.014036826369
2016-06-30,0.00701065482932,-0.0201585155897
2016-07-31,0.0280530566123,-0.00956007976189
2016-08-31,0.00804567117882,0.0302875920965
2016-09-30,0.0193252143233,-0.00997328175842
2016-10-31,-0.0429478298349,0.0402933863465
2016-11-30,0.055193271347,0.0819728546685
2016-12-31,-6.11826103477e-05,0.0348230173828
2017-01-31,-0.0100393860316,-0.0278447702696
2017-02-28,-0.019240709666,-0.0167264817925
2017-03-31,0.0113041612852,-0.0329310618276
2017-04-30,0.00685928955543,-0.0206561706031
2017-05-31,-0.0241384701993,-0.0358983879694
2017-06-30,0.0206557173061,0.0131992216218
2017-07-31,-0.0147667911861,-0.00304702082746
2017-08-31,-0.016502001134,-0.0227096774104
2017-09-30,0.0402916890396,0.0336092681017
2017-10-31,-0.0164022278662,0.000480075423132
2017-11-30,-0.00218181966932,-0.00622492771495
2017-12-31,-0.0117871895112,-0.00157926089589
2018-01-31,-0.0266388557204,-0.0191815406152
2018-02-28,0.00264439803368,-0.0112699733042
2018-03-31,0.0411366629334,-0.00538142630721
2018-04-30,0.00732254837872,0.00694113428239
2018-05-31,0.0517696045242,-0.0308704403455
2018-06-30,0.00708899624246,-0.0166001935194
2018-07-31,-0.0218065847148,0.00619259415263
2018-08-31,0.0106946553478,-0.0415113712025
2018-09-30,-0.0240645399239,-0.0140368048135
2018-10-31,-0.046811691241,0.0339379543348
2018-11-30,-0.0069185863394,0.00138367774481
2018-12-31,-0.0236548748389,-0.0162839789527
2019-01-31,0.0288744439593,-0.00549108793462
2019-02-28,0.0194083788213,-0.0276443522911
2019-03-31,-0.0308665832338,-0.0410758439676
2019-04-30,-0.018030178587,0.0226724414252
2019-05-31,-0.0124967102719,-0.0231942589069
2019-06-30,-0.000123338226082,-0.00843571533533
2019-07-31,-0.0180616312805,0.00576807976193
2019-08-31,-0.0240819298379,-0.0486800295625
2019-09-30,-0.00915989701104,0.0677402452204
2019-10-31,0.00309966940274,-0.0193589166445
2019-11-30,0.00796636302529,-0.0197133791642
2019-12-31,0.00633078627839,0.0186974516352
2020-01-31,-0.0299510147785,-0.0600315465794
2020-02-29,0.0101592116843,-0.0380549940397
2020-03-31,-0.0518748908894,-0.139503111702
2020-04-30,0.02609228245,-0.0116406024371
2020-05-31,0.0253370726003,-0.0485995389145
2020-06-30,0.0258423894113,-0.0197437180038
2020-07-31,-0.0229223609331,-0.0138088436296
2020-08-31,-0.00293435047751,-0.0263116080416
2020-09-30,6.97023323933e-05,-0.0257689375369
2020-10-31,0.041027278577,0.0389616291299
2020-11-30,0.0583418012087,0.026162571766
2020-12-31,0.0498295066881,-0.0174581104393
2021-01-31,0.0770807217441,0.0282674382287
2021-02-28,0.020018440587,0.0684508146482
2021-03-31,-0.0248781332113,0.0706953302451
2021-04-30,-0.0298613311519,-0.00973768075748
2021-05-31,-0.0033198447235,0.0725375544419
2021-06-30,0.0189635256277,-0.0780624875027
2021-07-31,-0.0397740974693,-0.015196809275
2021-08-31,-0.00325468658674,0.000798152880917
2021-09-30,0.00610976540653,0.0476811735846
2021-10-31,-0.0225338838514,-0.0036845606515
2021-11-30,-0.0127740363703,-0.00568388065709
2021-12-31,-0.0195445498999,0.032803693671
2022-01-31,-0.0605184321788,0.12503046475
2022-02-28,0.0217419381087,0.0309454568473
2022-03-31,-0.0142683337906,-0.0220551302269
2022-04-30,-0.0157204695237,0.0590541960905
2022-05-31,-0.0183236122197,0.0831394081355
2022-06-30,0.0190006008646,-0.0567239952739
2022-07-31,0.0281419038251,-0.0426898161012
2022-08-31,0.014155775828,0.00235874197829
2022-09-30,-0.0088811832668,0.000248670677079
2022-10-31,-0.00420683802683,0.0800975182398
2022-11-30,-0.03877230978,0.01579267595
2022-12-31,-0.0103809206902,0.013348308835
2023-01-31,0.0537115598414,-0.0386447508946
2023-02-28,0.00808982717517,-0.00955693943175
2023-03-31,-0.0551048836281,-0.0860198276918
2023-04-30,-0.033853424753,0.000532450022658
2023-05-31,0.0203196088513,-0.0769716990115
2023-06-30,0.0164354773697,-0.00551422654773
2023-07-31,0.0219516474561,0.0490632356849
2023-08-31,-0.0323564623172,-0.0131718136669
2023-09-30,-0.026128765348,0.0110102736155
2023-10-31,-0.0408934762408,-0.000790052159653
2023-11-30,-0.00499394415458,0.0170626755328
2023-12-31,0.0624616910661,0.0511384861441
2024-01-31,-0.0488810923686,-0.0246665153729
2024-02-29,-0.00255917871088,-0.0331756794521
2024-03-31,-0.0237707707409,0.0449289516161
2024-04-30,-0.0220062364076,-0.00651644924977
2024-05-31,0.00954981883812,-0.0155481953784
2024-06-30,-0.0311604111895,-0.0359207058641
2024-07-31,0.0687002625333,0.0585656213267
2024-08-31,-0.0375565334663,-0.00774215305648
2024-09-30,-0.00270152473812,-0.0280694388523
2024-10-31,-0.0081056362757,0.00825634959175
2024-11-30,0.051082404418,-0.00418533326238
2024-12-31,-0.0254285532158,-0.0296854934255
2025-01-31,-0.020100603582,0.0178131650419
2025-02-28,-0.060874146026,0.0501692777413
2025-03-31,-0.0278751482864,0.029054574488
2025-04-30,-0.00468820124386,-0.0346835031655
2025-05-31,0.0122179847513,-0.0335092401946
2025-06-30,0.0115606123281,-0.0159659378374
2025-07-31,0.00354024516631,-0.0154249969237
2025-08-31,0.0347750809812,0.0486067137933
2025-09-30,-0.0145366787328,-0.0123395640475
2025-10-31,-0.00156084634569,-0.03488100404
2025-11-30,-0.000415119565685,0.0458035696287
2025-12-31,-0.01308465126,0.0195290487236
