date,SL,SN,SH,BL,BN,BH
2002-07-31,-0.147336027632,-0.142565209273,-0.150312197065,-0.0652211675632,-0.0868978242811,-0.135029285226
2002-08-31,-0.00397224697476,0.00518486751962,-0.00648153672234,-0.000689824115234,0.0174464518592,0.063429113717
2002-09-30,-0.0820246727528,-0.0757712691622,-0.0715014305026,-0.107328222896,-0.100744844319,-0.091752704527
2002-10-31,0.0677843354262,0.0429624898567,0.00594731427087,0.09801484706,0.040769527069,0.0795820507303
2002-11-30,0.126189394001,0.0838172231028,0.0790314934646,0.054246164108,0.0568625668707,0.081746792274
2002-12-31,-0.0838234327014,-0.0468627269231,-0.0370833267859,-0.0617659462064,-0.038460763793,-0.0669873994895
2003-01-31,-0.0246414846237,-0.0255095926437,-0.0123450394378,-0.0282657277742,-0.0179200580104,-0.0552790931617
2003-02-28,-0.0411265297196,-0.0182021093159,-0.0358253065995,-0.0142195249155,-0.0233983623406,-0.0434689236851
2003-03-31,0.0209320825262,0.00577753502949,0.0104991295686,0.0156820223975,0.00256728822089,-0.0149978867089
2003-04-30,0.109107895766,0.0953506087315,0.0980987782765,0.0773657184567,0.0870358316919,0.113922239512
2003-05-31,0.126425041268,0.108198729409,0.108182463244,0.0499366279971,0.0725125084477,0.0837698198302
2003-06-30,0.025529524193,0.0219305696295,0.0363395631864,0.0134096558501,0.0124121976661,0.00726009678061
2003-07-31,0.0808174885789,0.0574792861295,0.0703013257711,0.0186232839395,0.0263350781805,0.00762212047442
2003-08-31,0.0485926513249,0.0455209605252,0.0614868506886,0.0209145278076,0.0160491806973,0.0394623028169
2003-09-30,-0.0151417950133,-0.0201344198768,0.00834580202145,-0.0122991579551,-0.00418553776515,-0.0353385733152
2003-10-31,0.0828089739434,0.0793120945534,0.109421335206,0.0515643354736,0.0702929858499,0.0673294474266
2003-11-30,0.0288889625446,0.0369963542589,0.0482413416616,0.00841390430944,0.0154086688088,0.0273110464169
2003-12-31,0.0104184330599,0.0265502470451,0.0289266667253,0.0469545149436,0.0445146831445,0.0573377884762
2004-01-31,0.0394377664233,0.035119702934,0.0710704257199,0.0136677680509,0.0244158023578,0.0308446840518
2004-02-29,0.00391360477171,0.0102936151347,0.00384657711666,0.0100909528013,0.0233991432756,0.0299062825618
2004-03-31,0.0132135435026,0.00416601539642,0.00444390007176,-0.0181327386921,-0.00738399703339,-0.00559758257621
2004-04-30,-0.0345713126025,-0.0322480757138,-0.0624149823804,-0.00132931784061,-0.0376850458905,-0.0360111966042
2004-05-31,0.0100973547954,0.0127015803903,0.00727067959384,0.0118599380983,0.0122675833592,0.0114998362293
2004-06-30,0.0315034342186,0.0506253130013,0.0431054862017,0.015054171391,0.015591985262,0.0275136313591
2004-07-31,-0.0957267015605,-0.0543744633469,-0.0508456590451,-0.0431073379412,-0.0244752145886,-0.0220024304447
2004-08-31,-0.0232570436963,-0.000797688480147,-0.00618241643681,-0.0026113779485,0.0138859505291,0.00187954718221
2004-09-30,0.0563733655022,0.0512616513175,0.0384722238804,0.0084156118555,0.0179549931248,0.0264677186072
2004-10-31,0.0304754823783,0.016287216938,0.00996348013864,0.0148583293625,0.0103565360771,0.0265084453417
2004-11-30,0.0825040059359,0.0866040158298,0.087745525929,0.03614798223,0.0471811549321,0.0625120655876
2004-12-31,0.0428575237084,0.0264330449165,0.0372429576896,0.034738081951,0.0359422475458,0.0380946554371
2005-01-31,-0.0565471176699,-0.0340358632669,-0.0239104640326,-0.0295849014196,-0.0150726871209,-0.0167403410206
2005-02-28,0.00698847844184,0.021314204243,0.0294979391398,0.021602991953,0.0183939425116,0.0307309614444
2005-03-31,-0.041862529604,-0.0232968720199,-0.0167766536026,-0.0129687176084,-0.0269221068077,0.00171693443941
2005-04-30,-0.062622565635,-0.0593504579096,-0.0595628155149,-0.0164559727916,-0.0244862408153,-0.0214907388013
2005-05-31,0.0740610640331,0.062836279104,0.0584976953215,0.0361970681236,0.0315684165003,0.0415388133302
2005-06-30,0.0263619408464,0.0380464084433,0.0481025434958,-0.00894560724067,0.0191937862774,0.0294701116276
2005-07-31,0.0684940257965,0.0671747228764,0.0588801488602,0.0459641077371,0.0257811295786,0.039718551011
2005-08-31,-0.0200141943118,-0.0126716658551,-0.0119809311939,-0.0119101997114,-0.00830756466217,0.0042524379072
2005-09-30,0.00307308017997,0.00778138209298,0.00306129675959,0.00355543919153,0.0110109239978,0.0199391763424
2005-10-31,-0.0390376572504,-0.0268273342162,-0.0253447753535,-0.0114978924029,-0.0185846342136,-0.0206671659772
2005-11-30,0.052174623297,0.0454577581321,0.0384742001852,0.0409803203127,0.0371777319323,0.0286059569404
2005-12-31,0.00138920532747,-0.00447778108287,-0.00297218460782,-0.00694177230956,0.0131009167155,0.000949323540867
2006-01-31,0.085853257191,0.0911012175035,0.0835421330563,0.0178318530856,0.0361137278469,0.0420398219218
2006-02-28,-0.00258315913499,-0.000948055762002,-0.00788659605609,-0.00183864760744,0.00916492618291,-0.00704649887101
2006-03-31,0.0406900584547,0.0513956065589,0.0518071056065,0.0159400860876,0.01116605895,0.015648859075
2006-04-30,-0.00784527609079,0.0107947314653,0.00908400040035,-3.43176713025e-05,0.0226686492508,0.0320822867366
2006-05-31,-0.0775214111725,-0.0449698735591,-0.0423601044996,-0.0290604312221,-0.027657938616,-0.017391929408
2006-06-30,-0.00718207393523,0.00339990133558,-0.00231893145036,-0.00149679244019,0.00123775563476,0.00838702375902
2006-07-31,-0.0604960850402,-0.0276509635821,-0.0222619238792,-0.00734416199975,0.0120518310651,0.00716799390263
2006-08-31,0.0331800172799,0.0237109641637,0.0255167307176,0.032265933302,0.0200227821616,0.00223703982786
2006-09-30,0.010165812294,0.00935060700307,0.0139724090536,0.0247580414877,0.0232518373424,0.0220230026242
2006-10-31,0.0600020240668,0.0537117912046,0.0461487652721,0.0338255562013,0.0296532275873,0.0429352514799
2006-11-30,0.0275137466959,0.0279796398852,0.0268660402953,0.0192268622849,0.0213264887493,0.0192922877999
2006-12-31,-0.00703707728768,0.00767530727602,0.0183356667794,0.00325906289888,0.0204170802729,0.0324619863957
2007-01-31,0.0265840293209,0.00897426516164,0.0189708008554,0.0194169063324,0.0181927917246,0.0125041106576
2007-02-28,-0.00171879408204,-0.000921158604996,-0.00921967597378,-0.0199269077708,-0.0159289157033,-0.0133646834828
2007-03-31,0.0170687520196,0.0118849990004,0.00391066200208,0.00824732912478,0.0177128624904,0.0039245373625
2007-04-30,0.0282950747032,0.0206091311846,0.00955314903347,0.0489172607363,0.0363258663821,0.0390683128548
2007-05-31,0.0442680648942,0.0382287729974,0.0317140618799,0.0320546057153,0.0407995299787,0.033572752931
2007-06-30,-0.00692135915069,-0.0111187347252,-0.0167932570058,-0.0109270714693,-0.0233382272309,-0.0207118457866
2007-07-31,-0.0489514324225,-0.0578491153321,-0.0813969241179,-0.0138824425582,-0.0421274506267,-0.0537272947507
2007-08-31,0.0177925156407,0.0233603722684,-0.00744471360363,0.0155279449952,0.0199125068459,0.000992399879702
2007-09-30,0.0258078405018,0.00987220658367,-0.000910222364508,0.0496731509118,0.0222449647065,0.0309280862719
2007-10-31,0.0368798808526,0.0185921135501,0.00241752896933,0.0299360481149,0.0134536885883,0.00785043665305
2007-11-30,-0.0726452650507,-0.0637439010492,-0.079054083016,-0.0304739399961,-0.0544222273043,-0.047093163531
2007-12-31,0.000994051076237,-0.0063467192695,-0.0100121243542,-0.00405387292329,-0.0113639347604,0.000719000237727
2008-01-31,-0.0853335627765,-0.0653664088257,-0.0378185158198,-0.0723844595702,-0.0483522833366,-0.0374088625161
2008-02-29,-0.044975079543,-0.0275716014499,-0.0393176894758,-0.0203828650529,-0.038052880851,-0.0394674722204
2008-03-31,-0.0177062541858,0.0110567532855,0.00148414669931,0.0063319585423,-0.0244364334602,-0.0108551106035
2008-04-30,0.0486008671221,0.0345200538499,0.0168142152864,0.0375771741259,0.0586438693479,0.0551767386738
2008-05-31,0.0550050956351,0.0523820868568,0.0289601477817,0.023389873198,0.00597610714835,0.0202427108712
2008-06-30,-0.0743390379478,-0.0724991067045,-0.0913235373849,-0.0693234203161,-0.0961251475818,-0.103624166481
2008-07-31,0.0254044807709,0.0304402729539,0.0511857049125,-0.0101249802181,-0.0309330747869,0.0687708870745
2008-08-31,0.03174134225,0.0385366332506,0.0678914883724,0.0143559887534,0.0133744272488,0.00787083297243
2008-09-30,-0.109076351308,-0.0734131057152,-0.0684547532883,-0.0987519180532,-0.0969402920084,-0.0201317776594
2008-10-31,-0.220609456349,-0.193029372105,-0.204590997607,-0.155366365944,-0.174001281223,-0.213720200333
2008-11-30,-0.119610185038,-0.112139555241,-0.141790995756,-0.0633154957624,-0.0637582539592,-0.160707041798
2008-12-31,0.051186368094,0.0442669991122,0.0548383763675,0.0168870477536,0.0125334835814,0.0118800234997
2009-01-31,-0.0769383216063,-0.102606625579,-0.155883992338,-0.0525777307135,-0.0935767148629,-0.198742044981
2009-02-28,-0.0976304641509,-0.116101805709,-0.145652638776,-0.0829427793966,-0.116942091603,-0.165687037835
2009-03-31,0.0919084789084,0.105600697043,0.106487892357,0.0832207323895,0.0877572414233,0.138949455375
2009-04-30,0.160660709824,0.167376154573,0.175614482268,0.0799332682907,0.104975531122,0.168118662811
2009-05-31,0.0357236647266,0.0305041099856,0.0249318044133,0.0458164981905,0.0585510381575,0.0645093155447
2009-06-30,0.0548696829773,0.0174958472161,0.00572857448911,0.00843751944385,-0.00823073604559,0.00206449591306
2009-07-31,0.0716010647536,0.10098679981,0.135241749488,0.0668099038007,0.0835237586063,0.0989779871832
2009-08-31,0.00920009469358,0.0293729064429,0.0808737716479,0.0174800265275,0.0388176630134,0.0976282218039
2009-09-30,0.0622473612058,0.0577667637865,0.0754104757597,0.0337602706921,0.0468568922146,0.0428449927803
2009-10-31,-0.0703816087894,-0.0605914626413,-0.0925379263158,-0.00491552816302,-0.0285031901691,-0.0675271406086
2009-11-30,0.0195379432725,0.0196401181772,0.0410555003147,0.0670125670098,0.0477533882741,0.0387217059182
2009-12-31,0.0865003111546,0.0788616298803,0.0845932176009,0.0191688227114,0.0318168035967,0.0164393097428
2010-01-31,-0.0348990940383,-0.0311947623096,-0.027459154571,-0.0422639651733,-0.0201667829203,-0.0446254980326
2010-02-28,0.0346840400524,0.0398359750464,0.0728266858165,0.0305222648773,0.030005315128,0.0528483308216
2010-03-31,0.0697028062858,0.0794795701077,0.0915784041329,0.0524647985107,0.067504032177,0.0763145647374
2010-04-30,0.0377174348896,0.0630501507868,0.0913692033031,0.00808283202547,0.0270397780911,0.0124748429487
2010-05-31,-0.059895578281,-0.0709061794071,-0.10361986386,-0.0740716075484,-0.0849445557641,-0.0780070286016
2010-06-30,-0.0599830874705,-0.0735333671519,-0.110576085932,-0.0440113112359,-0.0567666996515,-0.0860445157742
2010-07-31,0.0688193385082,0.0677885225508,0.0718434472727,0.0669986504211,0.0769461277572,0.0686165796065
2010-08-31,-0.0688007081448,-0.075909738016,-0.0861005534095,-0.0415643127045,-0.0393254379307,-0.0734966844092
2010-09-30,0.141891736767,0.1269563287,0.108019064871,0.10029345169,0.0907523650121,0.0701533284193
2010-10-31,0.0446306125417,0.0431211152437,0.0355170125561,0.0456611139347,0.0398675921286,0.0107632811545
2010-11-30,0.0365709773064,0.0424765338665,0.0322207026185,0.00469119955313,0.00321040610997,-0.0130437580514
2010-12-31,0.0746225769827,0.0823511980794,0.0921294907763,0.0495488307448,0.0774550251895,0.115784376955
2011-01-31,0.00127832642586,0.00332679349757,0.00414604591468,0.0200780423066,0.025402571692,0.0296778789103
2011-02-28,0.0550042136645,0.0538107927009,0.0558743978087,0.0253980312384,0.0438887426825,0.0433850409443
2011-03-31,0.0329527018844,0.0283687239455,0.0157495119076,0.00201050238838,0.013676334985,-0.0128241739146
2011-04-30,0.0365119249595,0.0228897950601,0.0104160792773,0.0374037180339,0.0271015605521,0.0130944284335
2011-05-31,-0.018572755911,-0.0215831311203,-0.0315122284562,-0.00559209623727,-0.0135385822165,-0.0282221205589
2011-06-30,-0.020684321096,-0.018313947761,-0.0214182976162,-0.0145149877325,-0.0171287119931,-0.0219566662117
2011-07-31,-0.0445210299255,-0.0410287871145,-0.0313049231353,-0.00815037258055,-0.0301809055721,-0.040577428454
2011-08-31,-0.0909453683972,-0.0866138994731,-0.0974123150423,-0.0400025689436,-0.0648081252609,-0.0895845636861
2011-09-30,-0.110990644796,-0.115178406711,-0.104880663845,-0.0632750761469,-0.0702659357903,-0.108821044397
2011-10-31,0.154218739254,0.153449869064,0.130299536647,0.0979713107215,0.120696810905,0.129265532992
2011-11-30,-0.0177676138674,-0.00257375924178,-0.000896900870402,-0.000277708831096,0.00864082672915,-0.0304289895655
2011-12-31,-0.00566443561889,0.0076116384282,0.0118091536657,-0.000982398956383,0.0189454976505,0.0181142519783
2012-01-31,0.0829074328053,0.0668704656663,0.0584813106909,0.0543786645331,0.0332044403533,0.0635735904064
2012-02-29,0.0360302963206,0.0242761618294,0.0289099518974,0.0465188152484,0.0363870011007,0.0657145668985
2012-03-31,0.0230783691284,0.028124350784,0.0302077247567,0.0369869972194,0.0131216727016,0.054979208863
2012-04-30,-0.0139218813722,-0.0207504580328,-0.00808303084969,-0.00474912534731,-0.00134731518247,-0.0269686873674
2012-05-31,-0.0661960490313,-0.0619935001651,-0.0610440716571,-0.0552379503356,-0.0595126619712,-0.0857580554747
2012-06-30,0.0601475586827,0.0394525041276,0.0499516638454,0.0294948240998,0.0462657620974,0.0512108741463
2012-07-31,-0.030466019055,-0.00825135532101,-0.0150477539763,0.0125403490299,0.0147718950543,-0.00885594838031
2012-08-31,0.0351522420146,0.0346950172985,0.0357300032136,0.023510927322,0.0187619369775,0.0535053152069
2012-09-30,0.0341138800521,0.0359848431308,0.0408279098176,0.0193005743003,0.0314224336089,0.0426793754462
2012-10-31,-0.0400468351812,-0.0131672179469,-0.00665946062357,-0.0248193264356,-0.0182359970231,0.0204953591084
2012-11-30,0.0119320139924,0.0116657687357,0.00651300750748,0.0112374682365,0.00273002155053,-0.00568998125874
2012-12-31,0.0254085637176,0.0334882708588,0.0456433139455,-0.00146023451914,0.0124859465343,0.0539021926215
2013-01-31,0.0668924542184,0.0624999283625,0.0591482534826,0.0453191767034,0.0610119488111,0.0729469248015
2013-02-28,0.00930258532173,0.00839043756141,0.0112804183452,0.0138309726654,0.0135447641685,0.00951600255045
2013-03-31,0.0489775715686,0.0464494438888,0.0442013127379,0.0378266859569,0.0404411945272,0.0430388780537
2013-04-30,-0.00789243048805,-0.00880663133767,-0.00371876441005,0.0181881020067,0.0131622114358,0.0234240270729
2013-05-31,0.0482051184415,0.0538289201229,0.0525606810106,0.0195562993019,0.0150365672997,0.0711978872076
2013-06-30,-0.00413578100945,0.00217681535987,-0.00617049269234,-0.0173478435844,-0.00436850200601,-0.0166342516118
2013-07-31,0.0738757664449,0.0708598514501,0.0809362748645,0.0560311484482,0.0494024598344,0.066669726115
2013-08-31,-0.0126877283391,-0.0342676249842,-0.0382995302762,-0.0172578876635,-0.0317968252108,-0.0441142480593
2013-09-30,0.0629267590874,0.0639408575704,0.055632988278,0.0409178354726,0.0312102427692,0.0238790383568
2013-10-31,0.00941756794096,0.0297206262801,0.0408258734496,0.0417208734106,0.0485036359919,0.0399309247645
2013-11-30,0.0509846505908,0.0397585885043,0.0430996214924,0.0334851592401,0.019102407937,0.0517840859875
2013-12-31,0.0185172038155,0.0268530762722,0.0184212449526,0.0215060145674,0.0370214170588,0.019490934793
2014-01-31,-0.00336894025293,-0.0392438269169,-0.0375075393214,-0.0332726191495,-0.0342229834175,-0.0365362504699
2014-02-28,0.0410666353023,0.0493135088652,0.0499133254322,0.0503708110013,0.0469015110331,0.0330353333501
2014-03-31,-0.033084909705,0.0105974226103,0.0147587548642,-0.00582010910783,0.00787585585262,0.0405390144287
2014-04-30,-0.0637575298016,-0.0315681241406,-0.0269905009965,0.00427321368253,0.0105912416786,-0.0129626347877
2014-05-31,-0.00718236243172,0.0118427222568,0.000696694621106,0.0242781409127,0.0186778594431,0.0156431274705
2014-06-30,0.0690814776582,0.0479678571639,0.0448344300135,0.0170833709952,0.0277404917142,0.0353180148938
2014-07-31,-0.0611299004738,-0.0626838155561,-0.0549593104824,-0.0145551076896,-0.0163715328227,-0.0251738871339
2014-08-31,0.0511085340858,0.0420746636689,0.0452503868588,0.0507218276647,0.0334983439547,0.0371367198343
2014-09-30,-0.0444252297323,-0.0523946590565,-0.0659510494587,-0.0108949881293,-0.0238693265532,-0.0198665394295
2014-10-31,0.075418074491,0.0598397670735,0.0505220061743,0.0308931619018,0.0172873736929,0.0141515236742
2014-11-30,0.0159590489864,-0.000700810882919,-0.00940186914738,0.0365530682695,0.0319584634889,-0.00371181627844
2014-12-31,0.0196618182927,0.0266364843839,0.0330059743396,-0.0130552031059,0.00098686640308,0.0198588682104
2015-01-31,-0.0279248024004,-0.0494036108435,-0.052371110091,-0.0176314957967,-0.032003167896,-0.0659561917972
2015-02-28,0.0760781264245,0.068767421846,0.0526699999913,0.0678800755996,0.0558291217047,0.0576553304444
2015-03-31,0.0221255671429,0.0224342128841,0.0100762416857,-0.0142552816558,-0.0151562929473,-0.0120231115632
2015-04-30,-0.031354414018,-0.0216303204253,-0.00622149797418,0.00517093476964,0.00957704716292,0.0198092765736
2015-05-31,0.0259033933142,0.0260001018568,0.00833158645291,0.0138317716264,0.0131240275749,0.00916696125809
2015-06-30,0.0266344225368,0.00391020331836,0.00624679909317,-0.0181088557293,-0.0206419230264,-0.00915725628313
2015-07-31,-0.00474695127734,-0.0244093645066,-0.0543356918888,0.0309142506152,-7.41171212465e-05,-0.00501071784388
2015-08-31,-0.0882879302745,-0.0448681549656,-0.0308976439122,-0.0625683996061,-0.0589214789745,-0.0679130139657
2015-09-30,-0.0793706242569,-0.0465922334914,-0.0454849626711,-0.0223752039471,-0.0292507803634,-0.0437231886722
2015-10-31,0.0453930243342,0.0674020580616,0.0546475560621,0.080218809865,0.0801005042756,0.066363676055
2015-11-30,0.0596382765517,0.032536580946,0.0366604510679,0.00473134724437,-0.00549278834146,0.0203831474968
2015-12-31,-0.0406159574321,-0.0487591246134,-0.0684071531931,-0.0128113439094,-0.027347045993,-0.037711354787
2016-01-31,-0.137173734113,-0.0756310658016,-0.0676911356602,-0.0516381862132,-0.0541220233092,-0.090800375639
2016-02-29,-0.00281208280103,0.00843872754338,0.00537054073313,-2.65186317125e-05,0.0123783695979,-0.0319454101484
2016-03-31,0.0762992325003,0.0781162305354,0.0833629515065,0.0659044215991,0.0683564794287,0.0864230615458
2016-04-30,0.0261470775443,0.0125735698641,0.0382962732556,-0.00653585464269,0.020284361787,0.0512295026773
2016-05-31,0.0242873576307,0.0120034874731,0.00482202185576,0.0214925401822,0.0154591952901,0.012730525943
2016-06-30,0.00343910493781,-0.00345476858561,-0.00234482469909,0.000461988209683,0.00977079197865,-0.0340756779576
2016-07-31,0.0712423074049,0.0570796685408,0.0610539268576,0.0457339593375,0.0225785566717,0.0366447756957
2016-08-31,0.00995530422555,0.025019501025,0.0267720321252,-0.00419332240236,0.00224998823015,0.0395033175386
2016-09-30,0.0288864073907,0.0121765532846,0.0161398357163,0.00394197359229,-0.00135931000174,-0.00343549860362
2016-10-31,-0.0795603431078,-0.0506019248561,-0.0312829864432,-0.0218966259484,-0.0211099324584,0.0105776659441
2016-11-30,0.0892765796799,0.122759202229,0.151762894291,0.0223930422356,0.0516517360029,0.123824601241
2016-12-31,-0.00478641757479,0.0285030846274,0.0429121856787,0.0128880502397,0.0190611356135,0.0348869934749
2017-01-31,0.0211629510128,-0.00125020882461,-0.00527330525621,0.0329854346378,0.00818595321666,0.00358353955716
2017-02-28,0.0363284019316,0.0102763140517,0.00572608889506,0.0439054849295,0.0251422486167,0.0409517145712
2017-03-31,0.0226117423797,0.00130660889609,-0.00695360191551,0.0109368067037,-0.00250290408518,-0.0254084505313
2017-04-30,0.0189081802807,0.0153668464879,0.00198863168177,0.0165234888192,0.00704878057851,-0.00788620575859
2017-05-31,-0.0101894412729,-0.0162593843701,-0.036350103504,0.0277314385567,-0.000132223586903,-0.0179745487492
2017-06-30,0.0460760847328,0.0315421303425,0.0331364788992,0.00170784659899,0.00604940304807,0.0410984045907
2017-07-31,0.00747047226197,0.00535318541174,0.00496457875476,0.0244456825799,0.0168582654553,0.0207919861114
2017-08-31,-0.00410057120595,-0.0215946411529,-0.0247679202158,0.0128910307492,-0.00201275015231,-0.0118011376307
2017-09-30,0.0470440815908,0.0821876097386,0.0803683957192,0.0139385106517,0.0269110862302,0.0485118048587
2017-10-31,0.00628793005157,0.0051343612852,0.0102710687649,0.0313586533965,0.0111744877958,0.0284482837515
2017-11-30,0.0404661497285,0.0249864737396,0.0288155071294,0.0328739718418,0.0359769345631,0.0320772897747
2017-12-31,0.0112726627699,-0.00525662020086,-0.00218211139573,0.00950367701456,0.00996155822019,0.0208324519853
2018-01-31,0.0400046206946,0.0312183411201,0.014583050328,0.0647336951621,0.0491981064055,0.0529816647934
2018-02-28,-0.0279400192394,-0.0386630717447,-0.0371769153376,-0.0261805909828,-0.045915899414,-0.0399621370893
2018-03-31,0.0203742591494,0.00865203375339,0.0189207330205,-0.0240893485959,-0.017959794746,-0.0337020921521
2018-04-30,0.00603646763097,0.00989692643409,0.0210328120879,0.00662311947787,0.00282910196997,0.0053554631532
2018-05-31,0.0729271697952,0.0704600794147,0.0559448321169,0.0378540626285,0.0129618050489,-0.00336802254101
2018-06-30,0.0139808920032,0.00163714538966,0.00564523458768,0.0113995195439,0.00202848813138,-0.0131373529172
2018-07-31,0.0146003537179,0.0208613489943,0.010221792087,0.0302539434075,0.0344385057954,0.0457190309282
2018-08-31,0.0582823962533,0.0324432214733,0.0235344432927,0.0552354926097,0.0196341903725,0.0084489074436
2018-09-30,-0.0172964184558,-0.0281787538179,-0.0282801557032,0.00835572027592,0.00357001173026,-0.016185801844
2018-10-31,-0.135090732618,-0.111183644597,-0.0913188694315,-0.0843402110434,-0.0546481883576,-0.0553859799197
2018-11-30,0.0113752592464,0.0212681869828,0.00733211238354,0.0155246804937,0.0221484264895,0.0229822227362
2018-12-31,-0.12032533405,-0.118744792351,-0.126449585019,-0.0866359013784,-0.0922603554766,-0.11638794223
2019-01-31,0.128966853828,0.103887101878,0.109772588667,0.0837710801553,0.0802291281174,0.0906524478777
2019-02-28,0.0627867453713,0.0515277200946,0.0350901037286,0.0391795355321,0.0404389021137,0.0125961699652
2019-03-31,-0.00695054775276,-0.0298507838473,-0.0435070130305,0.0279114288083,0.00393314065139,-0.019016751757
2019-04-30,0.0248049721142,0.0424318296421,0.0325783475151,0.0410227411995,0.0355467497537,0.0732693449779
2019-05-31,-0.0713084450284,-0.0817638768193,-0.0984296876072,-0.0646295075329,-0.0643499098318,-0.0832060306978
2019-06-30,0.0804884005163,0.0778710488608,0.0625943779171,0.0752147563978,0.0705590297304,0.0755298846987
2019-07-31,-0.00735152852746,0.00533900715034,-0.00693475409326,0.0134751734585,0.00756631438724,0.0247246466192
2019-08-31,-0.0422957102032,-0.0586901913134,-0.0812095562258,-0.0103628519072,-0.0310293693651,-0.0686801732122
2019-09-30,-0.0255475702615,0.0388063901995,0.0566029182041,0.00242445468945,0.0389667161661,0.0556798116642
2019-10-31,0.0455959851905,0.0239050590375,0.00645031330312,0.0259227018422,0.0161105131992,0.0250202664271
2019-11-30,0.0624438543742,0.0317952025844,0.0368659828596,0.0438886253905,0.0326104255812,0.0295784525171
2019-12-31,0.0255612836344,0.0440403817672,0.0475345028388,0.0278383072226,0.0268083955326,0.0433580705342
2020-01-31,-0.0179524482733,-0.0423848721364,-0.0812270820032,0.0144732486725,-0.0225288499499,-0.0439549652783
2020-02-29,-0.0605941396794,-0.0871457138152,-0.101947471078,-0.0707685219397,-0.101374352109,-0.108136971648
2020-03-31,-0.19015203044,-0.214121781932,-0.285514571463,-0.0870272113078,-0.175266350193,-0.272369265593
2020-04-30,0.186679212063,0.129536460016,0.161394779986,0.142864641333,0.108654525428,0.144224080982
2020-05-31,0.114554345888,0.0468287859724,0.0428095034033,0.0600207779488,0.0371943085002,0.0315973268774
2020-06-30,0.0554917268871,0.022856720517,0.0358159763665,0.037939548914,-0.0125938407058,0.0139419867926
2020-07-31,0.0184480952821,0.0293765618949,0.0268182676423,0.0744946003733,0.0293910826459,0.0364099616512
2020-08-31,0.0724499725208,0.0460498100396,0.0550905051924,0.0926110228388,0.0318339602595,0.0546079473774
2020-09-30,-0.00738824494258,-0.046034221953,-0.0558109240389,-0.0385578421479,-0.0252585310917,-0.0429964801398
2020-10-31,0.00877168794175,0.0226457547978,0.0535017149772,-0.0339347706427,-0.00800563584664,-0.0022559047105
2020-11-30,0.228044978218,0.17944626017,0.19984723311,0.106973053925,0.14065330034,0.185452375421
2020-12-31,0.126337017344,0.0833080419442,0.0843086469064,0.0463095103741,0.0450723537283,0.057275080805
2021-01-31,0.0661732494969,0.0477870283296,0.108944235148,-0.00823383390412,-0.00592673792826,0.00674025625786
2021-02-28,0.0573593558323,0.0973546654596,0.0882457591697,-0.00160196959764,0.0713791455148,0.113936063608
2021-03-31,-0.0269253585359,0.0337240977765,0.0684800069738,0.0244364391843,0.0505498082696,0.0722738823123
2021-04-30,0.0246913981041,0.0141378030944,0.0112480743826,0.0556706231737,0.0323613922482,0.0553490980479
2021-05-31,-0.0133842209213,0.0127205991777,0.0627564497823,-0.00965250002687,0.0205333012983,0.055790052036
2021-06-30,0.0546424485115,0.00292914541974,-0.00990171894397,0.0479131221222,-0.0126896486897,-0.0406129459324
2021-07-31,-0.0556821434397,-0.0191162398838,-0.0366401646857,0.0268230980345,-0.000524552528667,-0.0224860459702
2021-08-31,0.0257148344899,0.0149489494917,0.0285387266779,0.0333084412174,0.0130657394509,0.0314467219076
2021-09-30,-0.0435201676957,-0.0362094608954,0.00448909062222,-0.0530945584693,-0.0356608154876,-0.00592961726715
2021-10-31,0.0299678121821,0.0390283146469,0.0378844584888,0.0784332217622,0.0318302522195,0.0620395503892
2021-11-30,-0.0667898792577,-0.0131655179158,-0.0384564755032,-0.00128820702859,-0.0344627004194,-0.0441585685052
2021-12-31,-0.00215959548082,0.0402249108481,0.0429837052026,0.0266726582036,0.0620095936114,0.0471793021742
2022-01-31,-0.132537010073,-0.0909357827457,-0.00964881202858,-0.0807941450439,-0.023928596245,0.0479880775546
2022-02-28,-0.00109520324851,0.0112791735729,0.0220140539935,-0.0377497111209,0.001854981252,0.00240452030118
2022-03-31,0.0240489964319,0.00599345266691,0.00563779270059,0.044019491316,0.0197293089335,0.0183960097096
2022-04-30,-0.131475739359,-0.0870110600158,-0.0558293235956,-0.101494152214,-0.065463928594,-0.0628894537841
2022-05-31,-0.037819118722,0.0166447632176,0.0409002408066,-0.0277083707532,0.0430915654671,0.0533001095265
2022-06-30,-0.0456804777101,-0.0686460575696,-0.113625717281,-0.0746987203933,-0.0916950577667,-0.121274591264
2022-07-31,0.134878820109,0.110051526387,0.0858883498105,0.116896255577,0.0508523116537,0.0804208708218
2022-08-31,0.00206825040458,-0.0237627948428,-0.0216737236825,-0.0455968358713,-0.0220326468726,-0.0160767555474
2022-09-30,-0.0929843220598,-0.102813554156,-0.0980230033308,-0.0899834631211,-0.0910427248063,-0.0869093877364
2022-10-31,0.0677479517051,0.0997494395434,0.137510355087,0.0582289627072,0.109338409197,0.15132119398
2022-11-30,-0.00923284900502,0.023499052211,0.0251649258136,0.0496476933288,0.0560137681947,0.0481566821893
2022-12-31,-0.0631160823736,-0.0707395047083,-0.0547390570462,-0.0685530972966,-0.0399443680339,-0.0506305598014
2023-01-31,0.139270122519,0.116666750282,0.0824757192721,0.0728012097152,0.0550809850105,0.0527001770153
2023-02-28,-0.0244939163649,-0.0167879909326,-0.0174196830612,-0.0100956175187,-0.036348247401,-0.036666505179
2023-03-31,-0.0358727469433,-0.0382754227143,-0.0911626539302,0.0630710107933,-0.0110147288846,-0.0549378270177
2023-04-30,-0.0157667027572,-0.0232253863249,-0.0256147887407,0.00879104620059,0.00767531010055,0.0212732944875
2023-05-31,0.0114773862205,0.0145339887446,-0.0426737253938,0.0342857359476,-0.0470570043237,-0.0643240188573
2023-06-30,0.0765685072981,0.0868872949155,0.0811266660693,0.0769812657409,0.0595999682574,0.0616220913153
2023-07-31,0.0475699806851,0.0650113493106,0.0967733739443,0.0248653075876,0.0464537133951,0.0714454841246
2023-08-31,-0.0764702053669,-0.0576089248169,-0.0584614589728,-0.0112933128542,-0.0285445350699,-0.0563768466802
2023-09-30,-0.063546810854,-0.0619513803274,-0.0646553628585,-0.0550194313937,-0.026959214491,-0.0306727100863
2023-10-31,-0.0929521032582,-0.0616048643513,-0.0660629229272,-0.0160240114318,-0.0367879508726,-0.0450910816968
2023-11-30,0.0914991968997,0.0947598697802,0.0975778867192,0.0971623862214,0.0756645303005,0.125523936974
2023-12-31,0.119858429368,0.124196174379,0.150665923401,0.0419584690907,0.0538014599294,0.112992135111
2024-01-31,-0.0380912371744,-0.046065029788,-0.0467541550536,0.0181578880512,0.0198473989692,-0.0224626475321
2024-02-29,0.0616038882965,0.0505273203236,0.0280762991336,0.0595874742529,0.064412141142,0.026717414543
2024-03-31,0.00901728052895,0.0255023306689,0.040130313181,0.0196502612848,0.0482195692289,0.0793173327614
2024-04-30,-0.0770445309567,-0.0670688573789,-0.0695982186462,-0.0397453113192,-0.0488048954952,-0.0596829874586
2024-05-31,0.0655891106693,0.0438506937555,0.048896490994,0.055916674784,0.03165740483,0.0432601986182
2024-06-30,-0.00687146198937,-0.024136062241,-0.0217466722209,0.0508246100853,-0.00631982045427,-0.00520390295988
2024-07-31,0.0845062100699,0.100430443744,0.132911757125,-0.00281486814936,0.0485677600838,0.0657127460011
2024-08-31,-0.00487376258302,-0.0241177815138,-0.0217450510779,0.0235136178894,0.0135578757041,0.0246683377706
2024-09-30,0.0158449693034,0.00679827864525,-0.00197404857909,0.0286091347036,0.00982204283858,-0.00958595466832
2024-10-31,0.00148277186731,-0.0145935210449,-0.00972611031947,-0.00865955765254,-0.00860553307588,0.0186716073753
2024-11-30,0.159391126907,0.110817779323,0.112858843865,0.0646375604917,0.0629727464495,0.101880988559
2024-12-31,-0.0686311818463,-0.0861222631865,-0.0680641386903,-0.00772733632056,-0.0711839260062,-0.0673151872572
2025-01-31,0.015942374261,0.0293400694634,0.0199692271632,0.0265791332668,0.040580820953,0.058234397536
2025-02-28,-0.0812161963724,-0.0695345071067,-0.0394245202115,-0.0315099174879,-0.00299149764741,0.0268151869468
2025-03-31,-0.0784945051354,-0.0705120449408,-0.065179408584,-0.0745203778151,-0.0264051637597,-0.0296221850949
2025-04-30,-0.00916766986395,-0.0245095581973,-0.0435449196524,0.00824017456619,-0.0445955575828,-0.0266053433482
2025-05-31,0.0756859377396,0.0408166613705,0.0591916910462,0.0779105851808,0.0338905398788,0.0272239726374
2025-06-30,0.0674304029183,0.0610921838152,0.0504080697663,0.0560579397808,0.0470237827032,0.0411685355041
2025-07-31,0.0211445336766,0.0143257969313,0.0199192255111,0.0305933499876,0.0132068063268,0.00096866430567
2025-08-31,0.0551840667929,0.0744800500218,0.0914500826113,0.0143617333955,0.0271180779232,0.0753091451637
2025-09-30,0.0130712286805,0.0285052988118,0.00684144977884,0.0479609755515,0.01455541156,0.0295116263582
2025-10-31,0.0347723370006,0.0247167140097,-0.0161745701055,0.0334385075654,-6.48942152436e-05,0.0146234065916
2025-11-30,-0.010787665029,0.0230224427663,0.0356555905684,-0.00764739940159,0.0192666421458,0.0375164842585
2025-12-31,-0.00222952229198,0.00562969716631,-0.00246542096069,-0.00523060282667,0.0113559172312,0.0340633932892
