year,security_months,securities,companies,missing_returns
2000,78596,7177,7080,35
2001,71352,6446,6355,9
2002,64863,5761,5673,10
2003,60003,5357,5285,11
2004,58164,5172,5106,17
2005,57470,5114,5048,14
2006,56583,5027,4961,17
2007,55653,4999,4939,21
2008,53717,4714,4653,7
2009,50068,4431,4373,5
2010,48138,4237,4184,5
2011,46289,4067,4013,5
2012,44705,3914,3869,4
2013,43719,3878,3830,12
2014,44770,3962,3912,22
2015,45224,3978,3927,16
2016,43948,3877,3821,9
2017,43147,3815,3762,18
2018,43152,3804,3749,12
2019,43143,3799,3749,12
2020,43348,3905,3856,19
2021,49200,4546,4499,51
2022,52805,4595,4550,16
2023,49824,4395,4348,7
2024,46889,4145,4101,8
2025,44577,3941,3898,10
